avg_cpu_util,slo_preservation,total_cpu_shares,cpu_shares_others,num_containers,arrival_rate,vertical_scaling,horizontal_action,reward
0.3333333333333333,1.0,0.4,0.0,0.4,0.4,1.0,0,180,-1
0.3333333333333333,1.0,0.4,0.0,0.4,0.4,1.0,162,0,0.6666666666666666
0.3333333333333333,1.0,0.4,0.0,0.4,0.4,1.0,238,0,0.6666666666666666
0.3333333333333333,1.0,0.4,0.0,0.4,0.4,1.0,0,209,-1
0.3333333333333333,1.0,0.4,0.0,0.4,0.4,1.0,0,231,-1
0.3333333333333333,1.0,0.4,0.0,0.4,0.4,1.0,0,102,-1
0.3333333333333333,1.0,0.4,0.0,0.4,0.4,1.0,49,0,0.6666666666666666
0.3333333333333333,1.0,0.4,0.0,0.4,0.4,1.0,231,0,0.6666666666666666
0.3333333333333333,1.0,0.4,0.0,0.4,0.4,1.0,150,0,0.6666666666666666
0.3333333333333333,1.0,0.4,0.0,0.4,0.4,1.0,0,216,-1
0.3333333333333333,1.0,0.4,0.0,0.4,0.4,1.0,0,151,-1
0.3333333333333333,1.0,0.4,0.0,0.4,0.4,1.0,93,0,0.6666666666666666
0.3333333333333333,1.0,0.4,0.0,0.4,0.4,1.0,0,122,-1
0.3333333333333333,1.0,0.4,0.0,0.4,0.4,1.0,251,0,0.6666666666666666
0.3333333333333333,1.0,0.4,0.0,0.4,0.4,1.0,0,23,-1
0.3333333333333333,1.0,0.4,0.0,0.4,0.4,1.0,196,0,0.6666666666666666
0.3333333333333333,1.0,0.4,0.0,0.4,0.4,1.0,0,249,-1
0.3333333333333333,1.0,0.4,0.0,0.4,0.4,1.0,0,71,-1
0.3333333333333333,1.0,0.4,0.0,0.4,0.4,1.0,154,0,0.6666666666666666
0.3333333333333333,1.0,0.4,0.0,0.4,0.4,1.0,0,154,-1
0.3333333333333333,1.0,0.4,0.0,0.4,0.4,1.0,0,128,-1
0.3333333333333333,1.0,0.4,0.0,0.4,0.4,1.0,0,63,-1
0.3333333333333333,1.0,0.4,0.0,0.4,0.4,1.0,0,166,-1
0.3333333333333333,1.0,0.4,0.0,0.4,0.4,1.0,94,0,0.6666666666666666
0.3333333333333333,1.0,0.4,0.0,0.4,0.4,1.0,0,0,0.6666666666666666
0.3333333333333333,1.0,0.4,0.0,0.4,0.4,1.0,0,42,-1
0.3333333333333333,1.0,0.4,0.0,0.4,0.4,1.0,245,0,0.6666666666666666
0.3333333333333333,1.0,0.4,0.0,0.4,0.4,1.0,31,0,0.6666666666666666
0.3333333333333333,1.0,0.4,0.0,0.4,0.4,1.0,198,0,0.6666666666666666
0.3333333333333333,1.0,0.4,0.0,0.4,0.4,1.0,115,0,0.6666666666666666
0.3333333333333333,1.0,0.4,0.0,0.4,0.4,1.0,0,64,-1
0.3333333333333333,1.0,0.4,0.0,0.4,0.4,1.0,20,0,0.6666666666666666
0.3333333333333333,1.0,0.4,0.0,0.4,0.4,1.0,255,0,0.6666666666666666
0.3333333333333333,1.0,0.4,0.0,0.4,0.4,1.0,105,0,0.6666666666666666
0.3333333333333333,1.0,0.4,0.0,0.4,0.4,1.0,0,17,-1
0.3333333333333333,1.0,0.4,0.0,0.4,0.4,1.0,0,203,-1
0.3333333333333333,1.0,0.4,0.0,0.4,0.4,1.0,0,54,-1
0.3333333333333333,1.0,0.4,0.0,0.4,0.4,1.0,0,180,-1
0.3333333333333333,1.0,0.4,0.0,0.4,0.4,1.0,0,93,-1
0.3333333333333333,1.0,0.4,0.0,0.4,0.4,1.0,0,63,-1
0.3333333333333333,1.0,0.4,0.0,0.4,0.4,1.0,0,57,-1
0.3333333333333333,1.0,0.4,0.0,0.4,0.4,1.0,0,203,-1
0.3333333333333333,1.0,0.4,0.0,0.4,0.4,1.0,0,207,-1
0.3333333333333333,1.0,0.4,0.0,0.4,0.4,1.0,46,0,0.6666666666666666
0.3333333333333333,1.0,0.4,0.0,0.4,0.4,1.0,225,0,0.6666666666666666
0.3333333333333333,1.0,0.4,0.0,0.4,0.4,1.0,0,144,-1
0.3333333333333333,1.0,0.4,0.0,0.4,0.4,1.0,45,0,0.6666666666666666
0.3333333333333333,1.0,0.4,0.0,0.4,0.4,1.0,0,1,0.6481481481481481
0.2962962962962963,1.0,0.45,0.0,0.45,0.4,1.125,24,0,0.6481481481481481
0.2962962962962963,1.0,0.45,0.0,0.45,0.4,1.125,89,0,0.6481481481481481
0.2962962962962963,1.0,0.45,0.0,0.45,0.4,1.125,0,57,-1
0.2962962962962963,1.0,0.45,0.0,0.45,0.4,1.125,0,79,-1
0.2962962962962963,1.0,0.45,0.0,0.45,0.4,1.125,0,39,-1
0.2962962962962963,1.0,0.45,0.0,0.45,0.4,1.125,0,220,-1
0.2962962962962963,1.0,0.45,0.0,0.45,0.4,1.125,0,132,-1
0.2962962962962963,1.0,0.45,0.0,0.45,0.4,1.125,146,0,0.6481481481481481
0.2962962962962963,1.0,0.45,0.0,0.45,0.4,1.125,0,226,-1
0.2962962962962963,1.0,0.45,0.0,0.45,0.4,1.125,0,173,-1
0.2962962962962963,1.0,0.45,0.0,0.45,0.4,1.125,0,23,-1
0.2962962962962963,1.0,0.45,0.0,0.45,0.4,1.125,0,69,-1
0.2962962962962963,1.0,0.45,0.0,0.45,0.4,1.125,0,224,-1
0.2962962962962963,1.0,0.45,0.0,0.45,0.4,1.125,181,0,0.6481481481481481
0.2962962962962963,1.0,0.45,0.0,0.45,0.4,1.125,165,0,0.6481481481481481
0.2962962962962963,1.0,0.45,0.0,0.45,0.4,1.125,0,199,-1
0.2962962962962963,1.0,0.45,0.0,0.45,0.4,1.125,47,0,0.6481481481481481
0.2962962962962963,1.0,0.45,0.0,0.45,0.4,1.125,81,0,0.6481481481481481
0.2962962962962963,1.0,0.45,0.0,0.45,0.4,1.125,99,0,0.6481481481481481
0.2962962962962963,1.0,0.45,0.0,0.45,0.4,1.125,117,0,0.6481481481481481
0.2962962962962963,1.0,0.45,0.0,0.45,0.4,1.125,170,0,0.6481481481481481
0.2962962962962963,1.0,0.45,0.0,0.45,0.4,1.125,173,0,0.6481481481481481
0.2962962962962963,1.0,0.45,0.0,0.45,0.4,1.125,224,0,0.6481481481481481
0.2962962962962963,1.0,0.45,0.0,0.45,0.4,1.125,0,160,-1
0.2962962962962963,1.0,0.45,0.0,0.45,0.4,1.125,34,0,0.6481481481481481
0.2962962962962963,1.0,0.45,0.0,0.45,0.4,1.125,0,45,-1
0.2962962962962963,1.0,0.45,0.0,0.45,0.4,1.125,0,216,-1
0.2962962962962963,1.0,0.45,0.0,0.45,0.4,1.125,3,0,0.6481481481481481
0.2962962962962963,1.0,0.45,0.0,0.45,0.4,1.125,78,0,0.6481481481481481
0.2962962962962963,1.0,0.45,0.0,0.45,0.4,1.125,209,0,0.6481481481481481
0.2962962962962963,1.0,0.45,0.0,0.45,0.4,1.125,0,80,-1
0.2962962962962963,1.0,0.45,0.0,0.45,0.4,1.125,0,55,-1
0.2962962962962963,1.0,0.45,0.0,0.45,0.4,1.125,0,53,-1
0.2962962962962963,1.0,0.45,0.0,0.45,0.4,1.125,219,0,0.6481481481481481
0.2962962962962963,1.0,0.45,0.0,0.45,0.4,1.125,0,123,-1
0.2962962962962963,1.0,0.45,0.0,0.45,0.4,1.125,144,0,0.6481481481481481
0.2962962962962963,1.0,0.45,0.0,0.45,0.4,1.125,0,166,-1
0.2962962962962963,1.0,0.45,0.0,0.45,0.4,1.125,0,25,-1
0.2962962962962963,1.0,0.45,0.0,0.45,0.4,1.125,48,0,0.6481481481481481
0.2962962962962963,1.0,0.45,0.0,0.45,0.4,1.125,230,0,0.6481481481481481
0.2962962962962963,1.0,0.45,0.0,0.45,0.4,1.125,0,143,-1
0.2962962962962963,1.0,0.45,0.0,0.45,0.4,1.125,0,2,-1
0.2962962962962963,1.0,0.45,0.0,0.45,0.4,1.125,63,0,0.6481481481481481
0.2962962962962963,1.0,0.45,0.0,0.45,0.4,1.125,30,0,0.6481481481481481
0.2962962962962963,1.0,0.45,0.0,0.45,0.4,1.125,0,94,-1
0.2962962962962963,1.0,0.45,0.0,0.45,0.4,1.125,0,200,-1
0.2962962962962963,1.0,0.45,0.0,0.45,0.4,1.125,221,0,0.6481481481481481
0.2962962962962963,1.0,0.45,0.0,0.45,0.4,1.125,119,0,0.6481481481481481
0.2962962962962963,1.0,0.45,0.0,0.45,0.4,1.125,178,0,0.6481481481481481
0.2962962962962963,1.0,0.45,0.0,0.45,0.4,1.125,0,86,-1
0.2962962962962963,1.0,0.45,0.0,0.45,0.4,1.125,0,166,-1
0.2962962962962963,1.0,0.45,0.0,0.45,0.4,1.125,0,32,-1
0.2962962962962963,1.0,0.45,0.0,0.45,0.4,1.125,151,0,0.6481481481481481
0.2962962962962963,1.0,0.45,0.0,0.45,0.4,1.125,0,97,-1
0.2962962962962963,1.0,0.45,0.0,0.45,0.4,1.125,180,0,0.6481481481481481
0.2962962962962963,1.0,0.45,0.0,0.45,0.4,1.125,0,230,-1
0.2962962962962963,1.0,0.45,0.0,0.45,0.4,1.125,12,0,0.6481481481481481
0.2962962962962963,1.0,0.45,0.0,0.45,0.4,1.125,117,0,0.6481481481481481
0.2962962962962963,1.0,0.45,0.0,0.45,0.4,1.125,183,0,0.6481481481481481
0.2962962962962963,1.0,0.45,0.0,0.45,0.4,1.125,70,0,0.6481481481481481
0.2962962962962963,1.0,0.45,0.0,0.45,0.4,1.125,23,0,0.6481481481481481
0.2962962962962963,1.0,0.45,0.0,0.45,0.4,1.125,0,18,-1
0.2962962962962963,1.0,0.45,0.0,0.45,0.4,1.125,0,89,-1
0.2962962962962963,1.0,0.45,0.0,0.45,0.4,1.125,0,155,-1
0.2962962962962963,1.0,0.45,0.0,0.45,0.4,1.125,0,256,-1
0.2962962962962963,1.0,0.45,0.0,0.45,0.4,1.125,0,38,-1
0.2962962962962963,1.0,0.45,0.0,0.45,0.4,1.125,122,0,0.6481481481481481
0.2962962962962963,1.0,0.45,0.0,0.45,0.4,1.125,0,214,-1
0.2962962962962963,1.0,0.45,0.0,0.45,0.4,1.125,0,237,-1
0.2962962962962963,1.0,0.45,0.0,0.45,0.4,1.125,42,0,0.6481481481481481
0.2962962962962963,1.0,0.45,0.0,0.45,0.4,1.125,0,236,-1
0.2962962962962963,1.0,0.45,0.0,0.45,0.4,1.125,48,0,0.6481481481481481
0.2962962962962963,1.0,0.45,0.0,0.45,0.4,1.125,0,25,-1
0.2962962962962963,1.0,0.45,0.0,0.45,0.4,1.125,0,15,-1
0.2962962962962963,1.0,0.45,0.0,0.45,0.4,1.125,0,157,-1
0.2962962962962963,1.0,0.45,0.0,0.45,0.4,1.125,0,193,-1
0.2962962962962963,1.0,0.45,0.0,0.45,0.4,1.125,183,0,0.6481481481481481
0.2962962962962963,1.0,0.45,0.0,0.45,0.4,1.125,252,0,0.6481481481481481
0.2962962962962963,1.0,0.45,0.0,0.45,0.4,1.125,217,0,0.6481481481481481
0.2962962962962963,1.0,0.45,0.0,0.45,0.4,1.125,0,124,-1
0.2962962962962963,1.0,0.45,0.0,0.45,0.4,1.125,7,0,0.6481481481481481
0.2962962962962963,1.0,0.45,0.0,0.45,0.4,1.125,241,0,0.6481481481481481
0.2962962962962963,1.0,0.45,0.0,0.45,0.4,1.125,95,0,0.6481481481481481
0.2962962962962963,1.0,0.45,0.0,0.45,0.4,1.125,3,0,0.6481481481481481
0.2962962962962963,1.0,0.45,0.0,0.45,0.4,1.125,218,0,0.6481481481481481
0.2962962962962963,1.0,0.45,0.0,0.45,0.4,1.125,0,149,-1
0.2962962962962963,1.0,0.45,0.0,0.45,0.4,1.125,163,0,0.6481481481481481
0.2962962962962963,1.0,0.45,0.0,0.45,0.4,1.125,59,0,0.6481481481481481
0.2962962962962963,1.0,0.45,0.0,0.45,0.4,1.125,27,0,0.6481481481481481
0.2962962962962963,1.0,0.45,0.0,0.45,0.4,1.125,254,0,0.6481481481481481
0.2962962962962963,1.0,0.45,0.0,0.45,0.4,1.125,8,0,0.6481481481481481
0.2962962962962963,1.0,0.45,0.0,0.45,0.4,1.125,0,80,-1
0.2962962962962963,1.0,0.45,0.0,0.45,0.4,1.125,200,0,0.6481481481481481
0.2962962962962963,1.0,0.45,0.0,0.45,0.4,1.125,243,0,0.6481481481481481
0.2962962962962963,1.0,0.45,0.0,0.45,0.4,1.125,0,249,-1
0.2962962962962963,1.0,0.45,0.0,0.45,0.4,1.125,0,80,-1
0.2962962962962963,1.0,0.45,0.0,0.45,0.4,1.125,0,208,-1
0.2962962962962963,1.0,0.45,0.0,0.45,0.4,1.125,238,0,0.6481481481481481
0.2962962962962963,1.0,0.45,0.0,0.45,0.4,1.125,0,75,-1
0.2962962962962963,1.0,0.45,0.0,0.45,0.4,1.125,138,0,0.6481481481481481
0.2962962962962963,1.0,0.45,0.0,0.45,0.4,1.125,235,0,0.6481481481481481
0.2962962962962963,1.0,0.45,0.0,0.45,0.4,1.125,0,67,-1
0.2962962962962963,1.0,0.45,0.0,0.45,0.4,1.125,0,104,-1
0.2962962962962963,1.0,0.45,0.0,0.45,0.4,1.125,5,0,0.6481481481481481
0.2962962962962963,1.0,0.45,0.0,0.45,0.4,1.125,0,63,-1
0.2962962962962963,1.0,0.45,0.0,0.45,0.4,1.125,0,237,-1
0.2962962962962963,1.0,0.45,0.0,0.45,0.4,1.125,94,0,0.6481481481481481
0.2962962962962963,1.0,0.45,0.0,0.45,0.4,1.125,208,0,0.6481481481481481
0.2962962962962963,1.0,0.45,0.0,0.45,0.4,1.125,0,214,-1
0.2962962962962963,1.0,0.45,0.0,0.45,0.4,1.125,172,0,0.6481481481481481
0.2962962962962963,1.0,0.45,0.0,0.45,0.4,1.125,227,0,0.6481481481481481
0.2962962962962963,1.0,0.45,0.0,0.45,0.4,1.125,89,0,0.6481481481481481
0.2962962962962963,1.0,0.45,0.0,0.45,0.4,1.125,205,0,0.6481481481481481
0.2962962962962963,1.0,0.45,0.0,0.45,0.4,1.125,208,0,0.6481481481481481
0.2962962962962963,1.0,0.45,0.0,0.45,0.4,1.125,159,0,0.6481481481481481
0.2962962962962963,1.0,0.45,0.0,0.45,0.4,1.125,0,140,-1
0.2962962962962963,1.0,0.45,0.0,0.45,0.4,1.125,40,0,0.6481481481481481
0.2962962962962963,1.0,0.45,0.0,0.45,0.4,1.125,0,59,-1
0.2962962962962963,1.0,0.45,0.0,0.45,0.4,1.125,224,0,0.6481481481481481
0.2962962962962963,1.0,0.45,0.0,0.45,0.4,1.125,0,169,-1
0.2962962962962963,1.0,0.45,0.0,0.45,0.4,1.125,17,0,0.6481481481481481
0.2962962962962963,1.0,0.45,0.0,0.45,0.4,1.125,0,223,-1
0.2962962962962963,1.0,0.45,0.0,0.45,0.4,1.125,129,0,0.6481481481481481
0.2962962962962963,1.0,0.45,0.0,0.45,0.4,1.125,110,0,0.6481481481481481
0.2962962962962963,1.0,0.45,0.0,0.45,0.4,1.125,10,0,0.6481481481481481
0.2962962962962963,1.0,0.45,0.0,0.45,0.4,1.125,131,0,0.6481481481481481
0.2962962962962963,1.0,0.45,0.0,0.45,0.4,1.125,54,0,0.6481481481481481
0.2962962962962963,1.0,0.45,0.0,0.45,0.4,1.125,34,0,0.6481481481481481
0.2962962962962963,1.0,0.45,0.0,0.45,0.4,1.125,0,256,-1
0.2962962962962963,1.0,0.45,0.0,0.45,0.4,1.125,174,0,0.6481481481481481
0.2962962962962963,1.0,0.45,0.0,0.45,0.4,1.125,67,0,0.6481481481481481
0.2962962962962963,1.0,0.45,0.0,0.45,0.4,1.125,240,0,0.6481481481481481
0.2962962962962963,1.0,0.45,0.0,0.45,0.4,1.125,126,0,0.6481481481481481
0.2962962962962963,1.0,0.45,0.0,0.45,0.4,1.125,197,0,0.6481481481481481
0.2962962962962963,1.0,0.45,0.0,0.45,0.4,1.125,0,99,-1
0.2962962962962963,1.0,0.45,0.0,0.45,0.4,1.125,0,168,-1
0.2962962962962963,1.0,0.45,0.0,0.45,0.4,1.125,0,125,-1
0.2962962962962963,1.0,0.45,0.0,0.45,0.4,1.125,0,254,-1
0.2962962962962963,1.0,0.45,0.0,0.45,0.4,1.125,0,186,-1
0.2962962962962963,1.0,0.45,0.0,0.45,0.4,1.125,249,0,0.6481481481481481
0.2962962962962963,1.0,0.45,0.0,0.45,0.4,1.125,0,22,-1
0.2962962962962963,1.0,0.45,0.0,0.45,0.4,1.125,0,252,-1
0.2962962962962963,1.0,0.45,0.0,0.45,0.4,1.125,226,0,0.6481481481481481
0.2962962962962963,1.0,0.45,0.0,0.45,0.4,1.125,207,0,0.6481481481481481
0.2962962962962963,1.0,0.45,0.0,0.45,0.4,1.125,0,197,-1
0.2962962962962963,1.0,0.45,0.0,0.45,0.4,1.125,0,204,-1
0.2962962962962963,1.0,0.45,0.0,0.45,0.4,1.125,0,230,-1
0.2962962962962963,1.0,0.45,0.0,0.45,0.4,1.125,0,167,-1
0.2962962962962963,1.0,0.45,0.0,0.45,0.4,1.125,168,0,0.6481481481481481
0.2962962962962963,1.0,0.45,0.0,0.45,0.4,1.125,0,91,-1
0.2962962962962963,1.0,0.45,0.0,0.45,0.4,1.125,0,165,-1
0.2962962962962963,1.0,0.45,0.0,0.45,0.4,1.125,0,180,-1
0.2962962962962963,1.0,0.45,0.0,0.45,0.4,1.125,128,0,0.6481481481481481
0.2962962962962963,1.0,0.45,0.0,0.45,0.4,1.125,0,133,-1
0.2962962962962963,1.0,0.45,0.0,0.45,0.4,1.125,0,113,-1
0.2962962962962963,1.0,0.45,0.0,0.45,0.4,1.125,86,0,0.6481481481481481
0.2962962962962963,1.0,0.45,0.0,0.45,0.4,1.125,0,133,-1
0.2962962962962963,1.0,0.45,0.0,0.45,0.4,1.125,43,0,0.6481481481481481
0.2962962962962963,1.0,0.45,0.0,0.45,0.4,1.125,251,0,0.6481481481481481
0.2962962962962963,1.0,0.45,0.0,0.45,0.4,1.125,47,0,0.6481481481481481
0.2962962962962963,1.0,0.45,0.0,0.45,0.4,1.125,12,0,0.6481481481481481
0.2962962962962963,1.0,0.45,0.0,0.45,0.4,1.125,0,120,-1
0.2962962962962963,1.0,0.45,0.0,0.45,0.4,1.125,0,132,-1
0.2962962962962963,1.0,0.45,0.0,0.45,0.4,1.125,0,136,-1
0.2962962962962963,1.0,0.45,0.0,0.45,0.4,1.125,0,167,-1
0.2962962962962963,1.0,0.45,0.0,0.45,0.4,1.125,109,0,0.6481481481481481
0.2962962962962963,1.0,0.45,0.0,0.45,0.4,1.125,154,0,0.6481481481481481
0.2962962962962963,1.0,0.45,0.0,0.45,0.4,1.125,0,71,-1
0.2962962962962963,1.0,0.45,0.0,0.45,0.4,1.125,0,211,-1
0.2962962962962963,1.0,0.45,0.0,0.45,0.4,1.125,177,0,0.6481481481481481
0.2962962962962963,1.0,0.45,0.0,0.45,0.4,1.125,0,104,-1
0.2962962962962963,1.0,0.45,0.0,0.45,0.4,1.125,17,0,0.6481481481481481
0.2962962962962963,1.0,0.45,0.0,0.45,0.4,1.125,233,0,0.6481481481481481
0.2962962962962963,1.0,0.45,0.0,0.45,0.4,1.125,101,0,0.6481481481481481
0.2962962962962963,1.0,0.45,0.0,0.45,0.4,1.125,14,0,0.6481481481481481
0.2962962962962963,1.0,0.45,0.0,0.45,0.4,1.125,0,183,-1
0.2962962962962963,1.0,0.45,0.0,0.45,0.4,1.125,56,0,0.6481481481481481
0.2962962962962963,1.0,0.45,0.0,0.45,0.4,1.125,0,141,-1
0.2962962962962963,1.0,0.45,0.0,0.45,0.4,1.125,0,104,-1
0.2962962962962963,1.0,0.45,0.0,0.45,0.4,1.125,43,0,0.6481481481481481
0.2962962962962963,1.0,0.45,0.0,0.45,0.4,1.125,0,25,-1
0.2962962962962963,1.0,0.45,0.0,0.45,0.4,1.125,0,13,-1
0.2962962962962963,1.0,0.45,0.0,0.45,0.4,1.125,0,52,-1
0.2962962962962963,1.0,0.45,0.0,0.45,0.4,1.125,0,157,-1
0.2962962962962963,1.0,0.45,0.0,0.45,0.4,1.125,0,100,-1
0.2962962962962963,1.0,0.45,0.0,0.45,0.4,1.125,0,193,-1
0.2962962962962963,1.0,0.45,0.0,0.45,0.4,1.125,0,62,-1
0.2962962962962963,1.0,0.45,0.0,0.45,0.4,1.125,0,83,-1
0.2962962962962963,1.0,0.45,0.0,0.45,0.4,1.125,77,0,0.6481481481481481
0.2962962962962963,1.0,0.45,0.0,0.45,0.4,1.125,0,238,-1
0.2962962962962963,1.0,0.45,0.0,0.45,0.4,1.125,253,0,0.6481481481481481
0.2962962962962963,1.0,0.45,0.0,0.45,0.4,1.125,158,0,0.6481481481481481
0.2962962962962963,1.0,0.45,0.0,0.45,0.4,1.125,0,168,-1
0.2962962962962963,1.0,0.45,0.0,0.45,0.4,1.125,0,160,-1
0.2962962962962963,1.0,0.45,0.0,0.45,0.4,1.125,103,0,0.6481481481481481
0.2962962962962963,1.0,0.45,0.0,0.45,0.4,1.125,112,0,0.6481481481481481
0.2962962962962963,1.0,0.45,0.0,0.45,0.4,1.125,0,120,-1
0.2962962962962963,1.0,0.45,0.0,0.45,0.4,1.125,172,0,0.6481481481481481
0.2962962962962963,1.0,0.45,0.0,0.45,0.4,1.125,73,0,0.6481481481481481
0.2962962962962963,1.0,0.45,0.0,0.45,0.4,1.125,221,0,0.6481481481481481
0.2962962962962963,1.0,0.45,0.0,0.45,0.4,1.125,0,56,-1
0.2962962962962963,1.0,0.45,0.0,0.45,0.4,1.125,0,204,-1
0.2962962962962963,1.0,0.45,0.0,0.45,0.4,1.125,142,0,0.6481481481481481
0.2962962962962963,1.0,0.45,0.0,0.45,0.4,1.125,125,0,0.6481481481481481
0.2962962962962963,1.0,0.45,0.0,0.45,0.4,1.125,18,0,0.6481481481481481
0.2962962962962963,1.0,0.45,0.0,0.45,0.4,1.125,0,85,-1
0.2962962962962963,1.0,0.45,0.0,0.45,0.4,1.125,178,0,0.6481481481481481
0.2962962962962963,1.0,0.45,0.0,0.45,0.4,1.125,0,67,-1
0.2962962962962963,1.0,0.45,0.0,0.45,0.4,1.125,212,0,0.6481481481481481
0.2962962962962963,1.0,0.45,0.0,0.45,0.4,1.125,0,22,-1
0.2962962962962963,1.0,0.45,0.0,0.45,0.4,1.125,0,130,-1
0.2962962962962963,1.0,0.45,0.0,0.45,0.4,1.125,188,0,0.6481481481481481
0.2962962962962963,1.0,0.45,0.0,0.45,0.4,1.125,201,0,0.6481481481481481
0.2962962962962963,1.0,0.45,0.0,0.45,0.4,1.125,0,108,-1
0.2962962962962963,1.0,0.45,0.0,0.45,0.4,1.125,247,0,0.6481481481481481
0.2962962962962963,1.0,0.45,0.0,0.45,0.4,1.125,0,189,-1
0.2962962962962963,1.0,0.45,0.0,0.45,0.4,1.125,0,67,-1
0.2962962962962963,1.0,0.45,0.0,0.45,0.4,1.125,0,243,-1
0.2962962962962963,1.0,0.45,0.0,0.45,0.4,1.125,0,92,-1
0.2962962962962963,1.0,0.45,0.0,0.45,0.4,1.125,0,235,-1
0.2962962962962963,1.0,0.45,0.0,0.45,0.4,1.125,0,162,-1
0.2962962962962963,1.0,0.45,0.0,0.45,0.4,1.125,0,192,-1
0.2962962962962963,1.0,0.45,0.0,0.45,0.4,1.125,0,178,-1
0.2962962962962963,1.0,0.45,0.0,0.45,0.4,1.125,255,0,0.6481481481481481
0.2962962962962963,1.0,0.45,0.0,0.45,0.4,1.125,124,0,0.6481481481481481
0.2962962962962963,1.0,0.45,0.0,0.45,0.4,1.125,0,96,-1
0.2962962962962963,1.0,0.45,0.0,0.45,0.4,1.125,198,0,0.6481481481481481
0.2962962962962963,1.0,0.45,0.0,0.45,0.4,1.125,0,200,-1
0.2962962962962963,1.0,0.45,0.0,0.45,0.4,1.125,171,0,0.6481481481481481
0.2962962962962963,1.0,0.45,0.0,0.45,0.4,1.125,234,0,0.6481481481481481
0.2962962962962963,1.0,0.45,0.0,0.45,0.4,1.125,0,51,-1
0.2962962962962963,1.0,0.45,0.0,0.45,0.4,1.125,98,0,0.6481481481481481
0.2962962962962963,1.0,0.45,0.0,0.45,0.4,1.125,0,12,-1
0.2962962962962963,1.0,0.45,0.0,0.45,0.4,1.125,0,44,-1
0.2962962962962963,1.0,0.45,0.0,0.45,0.4,1.125,0,61,-1
0.2962962962962963,1.0,0.45,0.0,0.45,0.4,1.125,227,0,0.6481481481481481
0.2962962962962963,1.0,0.45,0.0,0.45,0.4,1.125,171,0,0.6481481481481481
0.2962962962962963,1.0,0.45,0.0,0.45,0.4,1.125,170,0,0.6481481481481481
0.2962962962962963,1.0,0.45,0.0,0.45,0.4,1.125,99,0,0.6481481481481481
0.2962962962962963,1.0,0.45,0.0,0.45,0.4,1.125,0,135,-1
0.2962962962962963,1.0,0.45,0.0,0.45,0.4,1.125,76,0,0.6481481481481481
0.2962962962962963,1.0,0.45,0.0,0.45,0.4,1.125,178,0,0.6481481481481481
0.2962962962962963,1.0,0.45,0.0,0.45,0.4,1.125,0,189,-1
0.2962962962962963,1.0,0.45,0.0,0.45,0.4,1.125,172,0,0.6481481481481481
0.2962962962962963,1.0,0.45,0.0,0.45,0.4,1.125,0,13,-1
0.2962962962962963,1.0,0.45,0.0,0.45,0.4,1.125,0,112,-1
0.2962962962962963,1.0,0.45,0.0,0.45,0.4,1.125,0,206,-1
0.2962962962962963,1.0,0.45,0.0,0.45,0.4,1.125,0,66,-1
0.2962962962962963,1.0,0.45,0.0,0.45,0.4,1.125,96,0,0.6481481481481481
0.2962962962962963,1.0,0.45,0.0,0.45,0.4,1.125,0,71,-1
0.2962962962962963,1.0,0.45,0.0,0.45,0.4,1.125,51,0,0.6481481481481481
0.2962962962962963,1.0,0.45,0.0,0.45,0.4,1.125,0,133,-1
0.2962962962962963,1.0,0.45,0.0,0.45,0.4,1.125,0,9,-1
0.2962962962962963,1.0,0.45,0.0,0.45,0.4,1.125,0,76,-1
0.2962962962962963,1.0,0.45,0.0,0.45,0.4,1.125,0,196,-1
0.2962962962962963,1.0,0.45,0.0,0.45,0.4,1.125,202,0,0.6481481481481481
0.2962962962962963,1.0,0.45,0.0,0.45,0.4,1.125,0,147,-1
0.2962962962962963,1.0,0.45,0.0,0.45,0.4,1.125,0,163,-1
0.2962962962962963,1.0,0.45,0.0,0.45,0.4,1.125,219,0,0.6481481481481481
0.2962962962962963,1.0,0.45,0.0,0.45,0.4,1.125,127,0,0.6481481481481481
0.2962962962962963,1.0,0.45,0.0,0.45,0.4,1.125,25,0,0.6481481481481481
0.2962962962962963,1.0,0.45,0.0,0.45,0.4,1.125,208,0,0.6481481481481481
0.2962962962962963,1.0,0.45,0.0,0.45,0.4,1.125,223,0,0.6481481481481481
0.2962962962962963,1.0,0.45,0.0,0.45,0.4,1.125,23,0,0.6481481481481481
0.2962962962962963,1.0,0.45,0.0,0.45,0.4,1.125,10,0,0.6481481481481481
0.2962962962962963,1.0,0.45,0.0,0.45,0.4,1.125,0,247,-1
0.2962962962962963,1.0,0.45,0.0,0.45,0.4,1.125,0,195,-1
0.2962962962962963,1.0,0.45,0.0,0.45,0.4,1.125,0,137,-1
0.2962962962962963,1.0,0.45,0.0,0.45,0.4,1.125,0,187,-1
0.2962962962962963,1.0,0.45,0.0,0.45,0.4,1.125,18,0,0.6481481481481481
0.2962962962962963,1.0,0.45,0.0,0.45,0.4,1.125,0,216,-1
0.2962962962962963,1.0,0.45,0.0,0.45,0.4,1.125,0,98,-1
0.2962962962962963,1.0,0.45,0.0,0.45,0.4,1.125,183,0,0.6481481481481481
0.2962962962962963,1.0,0.45,0.0,0.45,0.4,1.125,249,0,0.6481481481481481
0.2962962962962963,1.0,0.45,0.0,0.45,0.4,1.125,0,203,-1
0.2962962962962963,1.0,0.45,0.0,0.45,0.4,1.125,0,70,-1
0.2962962962962963,1.0,0.45,0.0,0.45,0.4,1.125,235,0,0.6481481481481481
0.2962962962962963,1.0,0.45,0.0,0.45,0.4,1.125,0,15,-1
0.2962962962962963,1.0,0.45,0.0,0.45,0.4,1.125,0,201,-1
0.2962962962962963,1.0,0.45,0.0,0.45,0.4,1.125,12,0,0.6481481481481481
0.2962962962962963,1.0,0.45,0.0,0.45,0.4,1.125,194,0,0.6481481481481481
0.2962962962962963,1.0,0.45,0.0,0.45,0.4,1.125,189,0,0.6481481481481481
0.2962962962962963,1.0,0.45,0.0,0.45,0.4,1.125,27,0,0.6481481481481481
0.2962962962962963,1.0,0.45,0.0,0.45,0.4,1.125,0,244,-1
0.2962962962962963,1.0,0.45,0.0,0.45,0.4,1.125,0,141,-1
0.2962962962962963,1.0,0.45,0.0,0.45,0.4,1.125,120,0,0.6481481481481481
0.2962962962962963,1.0,0.45,0.0,0.45,0.4,1.125,0,50,-1
0.2962962962962963,1.0,0.45,0.0,0.45,0.4,1.125,38,0,0.6481481481481481
0.2962962962962963,1.0,0.45,0.0,0.45,0.4,1.125,0,212,-1
0.2962962962962963,1.0,0.45,0.0,0.45,0.4,1.125,190,0,0.6481481481481481
0.2962962962962963,1.0,0.45,0.0,0.45,0.4,1.125,0,54,-1
0.2962962962962963,1.0,0.45,0.0,0.45,0.4,1.125,126,0,0.6481481481481481
0.2962962962962963,1.0,0.45,0.0,0.45,0.4,1.125,0,8,-1
0.2962962962962963,1.0,0.45,0.0,0.45,0.4,1.125,59,0,0.6481481481481481
0.2962962962962963,1.0,0.45,0.0,0.45,0.4,1.125,243,0,0.6481481481481481
0.2962962962962963,1.0,0.45,0.0,0.45,0.4,1.125,0,9,-1
0.2962962962962963,1.0,0.45,0.0,0.45,0.4,1.125,21,0,0.6481481481481481
0.2962962962962963,1.0,0.45,0.0,0.45,0.4,1.125,119,0,0.6481481481481481
0.2962962962962963,1.0,0.45,0.0,0.45,0.4,1.125,118,0,0.6481481481481481
0.2962962962962963,1.0,0.45,0.0,0.45,0.4,1.125,97,0,0.6481481481481481
0.2962962962962963,1.0,0.45,0.0,0.45,0.4,1.125,0,101,-1
0.2962962962962963,1.0,0.45,0.0,0.45,0.4,1.125,0,72,-1
0.2962962962962963,1.0,0.45,0.0,0.45,0.4,1.125,254,0,0.6481481481481481
0.2962962962962963,1.0,0.45,0.0,0.45,0.4,1.125,140,0,0.6481481481481481
0.2962962962962963,1.0,0.45,0.0,0.45,0.4,1.125,0,217,-1
0.2962962962962963,1.0,0.45,0.0,0.45,0.4,1.125,0,201,-1
0.2962962962962963,1.0,0.45,0.0,0.45,0.4,1.125,0,32,-1
0.2962962962962963,1.0,0.45,0.0,0.45,0.4,1.125,245,0,0.6481481481481481
0.2962962962962963,1.0,0.45,0.0,0.45,0.4,1.125,0,193,-1
0.2962962962962963,1.0,0.45,0.0,0.45,0.4,1.125,0,0,0.6481481481481481
0.2962962962962963,1.0,0.45,0.0,0.45,0.4,1.125,95,0,0.6481481481481481
0.2962962962962963,1.0,0.45,0.0,0.45,0.4,1.125,107,0,0.6481481481481481
0.2962962962962963,1.0,0.45,0.0,0.45,0.4,1.125,0,13,-1
0.2962962962962963,1.0,0.45,0.0,0.45,0.4,1.125,91,0,0.6481481481481481
0.2962962962962963,1.0,0.45,0.0,0.45,0.4,1.125,0,93,-1
0.2962962962962963,1.0,0.45,0.0,0.45,0.4,1.125,98,0,0.6481481481481481
0.2962962962962963,1.0,0.45,0.0,0.45,0.4,1.125,107,0,0.6481481481481481
0.2962962962962963,1.0,0.45,0.0,0.45,0.4,1.125,0,236,-1
0.2962962962962963,1.0,0.45,0.0,0.45,0.4,1.125,20,0,0.6481481481481481
0.2962962962962963,1.0,0.45,0.0,0.45,0.4,1.125,98,0,0.6481481481481481
0.2962962962962963,1.0,0.45,0.0,0.45,0.4,1.125,58,0,0.6481481481481481
0.2962962962962963,1.0,0.45,0.0,0.45,0.4,1.125,0,83,-1
0.2962962962962963,1.0,0.45,0.0,0.45,0.4,1.125,0,119,-1
0.2962962962962963,1.0,0.45,0.0,0.45,0.4,1.125,214,0,0.6481481481481481
0.2962962962962963,1.0,0.45,0.0,0.45,0.4,1.125,91,0,0.6481481481481481
0.2962962962962963,1.0,0.45,0.0,0.45,0.4,1.125,0,191,-1
0.2962962962962963,1.0,0.45,0.0,0.45,0.4,1.125,149,0,0.6481481481481481
0.2962962962962963,1.0,0.45,0.0,0.45,0.4,1.125,19,0,0.6481481481481481
0.2962962962962963,1.0,0.45,0.0,0.45,0.4,1.125,110,0,0.6481481481481481
0.2962962962962963,1.0,0.45,0.0,0.45,0.4,1.125,0,52,-1
0.2962962962962963,1.0,0.45,0.0,0.45,0.4,1.125,86,0,0.6481481481481481
0.2962962962962963,1.0,0.45,0.0,0.45,0.4,1.125,0,41,-1
0.2962962962962963,1.0,0.45,0.0,0.45,0.4,1.125,58,0,0.6481481481481481
0.2962962962962963,1.0,0.45,0.0,0.45,0.4,1.125,33,0,0.6481481481481481
0.2962962962962963,1.0,0.45,0.0,0.45,0.4,1.125,99,0,0.6481481481481481
0.2962962962962963,1.0,0.45,0.0,0.45,0.4,1.125,205,0,0.6481481481481481
0.2962962962962963,1.0,0.45,0.0,0.45,0.4,1.125,0,116,-1
0.2962962962962963,1.0,0.45,0.0,0.45,0.4,1.125,0,116,-1
0.2962962962962963,1.0,0.45,0.0,0.45,0.4,1.125,189,0,0.6481481481481481
0.2962962962962963,1.0,0.45,0.0,0.45,0.4,1.125,103,0,0.6481481481481481
0.2962962962962963,1.0,0.45,0.0,0.45,0.4,1.125,21,0,0.6481481481481481
0.2962962962962963,1.0,0.45,0.0,0.45,0.4,1.125,0,41,-1
0.2962962962962963,1.0,0.45,0.0,0.45,0.4,1.125,0,45,-1
0.2962962962962963,1.0,0.45,0.0,0.45,0.4,1.125,0,17,-1
0.2962962962962963,1.0,0.45,0.0,0.45,0.4,1.125,0,47,-1
0.2962962962962963,1.0,0.45,0.0,0.45,0.4,1.125,236,0,0.6481481481481481
0.2962962962962963,1.0,0.45,0.0,0.45,0.4,1.125,0,218,-1
0.2962962962962963,1.0,0.45,0.0,0.45,0.4,1.125,167,0,0.6481481481481481
0.2962962962962963,1.0,0.45,0.0,0.45,0.4,1.125,0,200,-1
0.2962962962962963,1.0,0.45,0.0,0.45,0.4,1.125,32,0,0.6481481481481481
0.2962962962962963,1.0,0.45,0.0,0.45,0.4,1.125,220,0,0.6481481481481481
0.2962962962962963,1.0,0.45,0.0,0.45,0.4,1.125,69,0,0.6481481481481481
0.2962962962962963,1.0,0.45,0.0,0.45,0.4,1.125,0,228,-1
0.2962962962962963,1.0,0.45,0.0,0.45,0.4,1.125,112,0,0.6481481481481481
0.2962962962962963,1.0,0.45,0.0,0.45,0.4,1.125,212,0,0.6481481481481481
0.2962962962962963,1.0,0.45,0.0,0.45,0.4,1.125,0,144,-1
0.2962962962962963,1.0,0.45,0.0,0.45,0.4,1.125,62,0,0.6481481481481481
0.2962962962962963,1.0,0.45,0.0,0.45,0.4,1.125,0,95,-1
0.2962962962962963,1.0,0.45,0.0,0.45,0.4,1.125,97,0,0.6481481481481481
0.2962962962962963,1.0,0.45,0.0,0.45,0.4,1.125,161,0,0.6481481481481481
0.2962962962962963,1.0,0.45,0.0,0.45,0.4,1.125,0,152,-1
0.2962962962962963,1.0,0.45,0.0,0.45,0.4,1.125,0,53,-1
0.2962962962962963,1.0,0.45,0.0,0.45,0.4,1.125,0,162,-1
0.2962962962962963,1.0,0.45,0.0,0.45,0.4,1.125,65,0,0.6481481481481481
0.2962962962962963,1.0,0.45,0.0,0.45,0.4,1.125,106,0,0.6481481481481481
0.2962962962962963,1.0,0.45,0.0,0.45,0.4,1.125,0,219,-1
0.2962962962962963,1.0,0.45,0.0,0.45,0.4,1.125,0,219,-1
0.2962962962962963,1.0,0.45,0.0,0.45,0.4,1.125,194,0,0.6481481481481481
0.2962962962962963,1.0,0.45,0.0,0.45,0.4,1.125,0,226,-1
0.2962962962962963,1.0,0.45,0.0,0.45,0.4,1.125,0,81,-1
0.2962962962962963,1.0,0.45,0.0,0.45,0.4,1.125,0,16,-1
0.2962962962962963,1.0,0.45,0.0,0.45,0.4,1.125,0,74,-1
0.2962962962962963,1.0,0.45,0.0,0.45,0.4,1.125,135,0,0.6481481481481481
0.2962962962962963,1.0,0.45,0.0,0.45,0.4,1.125,24,0,0.6481481481481481
0.2962962962962963,1.0,0.45,0.0,0.45,0.4,1.125,151,0,0.6481481481481481
0.2962962962962963,1.0,0.45,0.0,0.45,0.4,1.125,0,99,-1
0.2962962962962963,1.0,0.45,0.0,0.45,0.4,1.125,0,40,-1
0.2962962962962963,1.0,0.45,0.0,0.45,0.4,1.125,0,120,-1
0.2962962962962963,1.0,0.45,0.0,0.45,0.4,1.125,0,72,-1
0.2962962962962963,1.0,0.45,0.0,0.45,0.4,1.125,0,91,-1
0.2962962962962963,1.0,0.45,0.0,0.45,0.4,1.125,187,0,0.6481481481481481
0.2962962962962963,1.0,0.45,0.0,0.45,0.4,1.125,0,88,-1
0.2962962962962963,1.0,0.45,0.0,0.45,0.4,1.125,0,14,-1
0.2962962962962963,1.0,0.45,0.0,0.45,0.4,1.125,0,14,-1
0.2962962962962963,1.0,0.45,0.0,0.45,0.4,1.125,0,43,-1
0.2962962962962963,1.0,0.45,0.0,0.45,0.4,1.125,176,0,0.6481481481481481
0.2962962962962963,1.0,0.45,0.0,0.45,0.4,1.125,0,120,-1
0.2962962962962963,1.0,0.45,0.0,0.45,0.4,1.125,204,0,0.6481481481481481
0.2962962962962963,1.0,0.45,0.0,0.45,0.4,1.125,0,94,-1
0.2962962962962963,1.0,0.45,0.0,0.45,0.4,1.125,0,45,-1
0.2962962962962963,1.0,0.45,0.0,0.45,0.4,1.125,0,18,-1
0.2962962962962963,1.0,0.45,0.0,0.45,0.4,1.125,0,70,-1
0.2962962962962963,1.0,0.45,0.0,0.45,0.4,1.125,0,37,-1
0.2962962962962963,1.0,0.45,0.0,0.45,0.4,1.125,166,0,0.6481481481481481
0.2962962962962963,1.0,0.45,0.0,0.45,0.4,1.125,160,0,0.6481481481481481
0.2962962962962963,1.0,0.45,0.0,0.45,0.4,1.125,0,48,-1
0.2962962962962963,1.0,0.45,0.0,0.45,0.4,1.125,0,198,-1
0.2962962962962963,1.0,0.45,0.0,0.45,0.4,1.125,0,144,-1
0.2962962962962963,1.0,0.45,0.0,0.45,0.4,1.125,29,0,0.6481481481481481
0.2962962962962963,1.0,0.45,0.0,0.45,0.4,1.125,0,137,-1
0.2962962962962963,1.0,0.45,0.0,0.45,0.4,1.125,0,227,-1
0.2962962962962963,1.0,0.45,0.0,0.45,0.4,1.125,0,22,-1
0.2962962962962963,1.0,0.45,0.0,0.45,0.4,1.125,54,0,0.6481481481481481
0.2962962962962963,1.0,0.45,0.0,0.45,0.4,1.125,181,0,0.6481481481481481
0.2962962962962963,1.0,0.45,0.0,0.45,0.4,1.125,0,153,-1
0.2962962962962963,1.0,0.45,0.0,0.45,0.4,1.125,0,17,-1
0.2962962962962963,1.0,0.45,0.0,0.45,0.4,1.125,134,0,0.6481481481481481
0.2962962962962963,1.0,0.45,0.0,0.45,0.4,1.125,0,247,-1
0.2962962962962963,1.0,0.45,0.0,0.45,0.4,1.125,0,80,-1
0.2962962962962963,1.0,0.45,0.0,0.45,0.4,1.125,152,0,0.6481481481481481
0.2962962962962963,1.0,0.45,0.0,0.45,0.4,1.125,68,0,0.6481481481481481
0.2962962962962963,1.0,0.45,0.0,0.45,0.4,1.125,0,222,-1
0.2962962962962963,1.0,0.45,0.0,0.45,0.4,1.125,0,0,0.6481481481481481
0.2962962962962963,1.0,0.45,0.0,0.45,0.4,1.125,0,125,-1
0.2962962962962963,1.0,0.45,0.0,0.45,0.4,1.125,135,0,0.6481481481481481
0.2962962962962963,1.0,0.45,0.0,0.45,0.4,1.125,0,204,-1
0.2962962962962963,1.0,0.45,0.0,0.45,0.4,1.125,0,216,-1
0.2962962962962963,1.0,0.45,0.0,0.45,0.4,1.125,0,27,-1
0.2962962962962963,1.0,0.45,0.0,0.45,0.4,1.125,0,154,-1
0.2962962962962963,1.0,0.45,0.0,0.45,0.4,1.125,250,0,0.6481481481481481
0.2962962962962963,1.0,0.45,0.0,0.45,0.4,1.125,11,0,0.6481481481481481
0.2962962962962963,1.0,0.45,0.0,0.45,0.4,1.125,0,130,-1
0.2962962962962963,1.0,0.45,0.0,0.45,0.4,1.125,77,0,0.6481481481481481
0.2962962962962963,1.0,0.45,0.0,0.45,0.4,1.125,166,0,0.6481481481481481
0.2962962962962963,1.0,0.45,0.0,0.45,0.4,1.125,237,0,0.6481481481481481
0.2962962962962963,1.0,0.45,0.0,0.45,0.4,1.125,10,0,0.6481481481481481
0.2962962962962963,1.0,0.45,0.0,0.45,0.4,1.125,0,101,-1
0.2962962962962963,1.0,0.45,0.0,0.45,0.4,1.125,0,109,-1
0.2962962962962963,1.0,0.45,0.0,0.45,0.4,1.125,0,53,-1
0.2962962962962963,1.0,0.45,0.0,0.45,0.4,1.125,94,0,0.6481481481481481
0.2962962962962963,1.0,0.45,0.0,0.45,0.4,1.125,0,77,-1
0.2962962962962963,1.0,0.45,0.0,0.45,0.4,1.125,0,106,-1
0.2962962962962963,1.0,0.45,0.0,0.45,0.4,1.125,0,181,-1
0.2962962962962963,1.0,0.45,0.0,0.45,0.4,1.125,0,122,-1
0.2962962962962963,1.0,0.45,0.0,0.45,0.4,1.125,202,0,0.6481481481481481
0.2962962962962963,1.0,0.45,0.0,0.45,0.4,1.125,64,0,0.6481481481481481
0.2962962962962963,1.0,0.45,0.0,0.45,0.4,1.125,0,226,-1
0.2962962962962963,1.0,0.45,0.0,0.45,0.4,1.125,0,33,-1
0.2962962962962963,1.0,0.45,0.0,0.45,0.4,1.125,0,125,-1
0.2962962962962963,1.0,0.45,0.0,0.45,0.4,1.125,0,195,-1
0.2962962962962963,1.0,0.45,0.0,0.45,0.4,1.125,55,0,0.6481481481481481
0.2962962962962963,1.0,0.45,0.0,0.45,0.4,1.125,56,0,0.6481481481481481
0.2962962962962963,1.0,0.45,0.0,0.45,0.4,1.125,125,0,0.6481481481481481
0.2962962962962963,1.0,0.45,0.0,0.45,0.4,1.125,108,0,0.6481481481481481
0.2962962962962963,1.0,0.45,0.0,0.45,0.4,1.125,206,0,0.6481481481481481
0.2962962962962963,1.0,0.45,0.0,0.45,0.4,1.125,246,0,0.6481481481481481
0.2962962962962963,1.0,0.45,0.0,0.45,0.4,1.125,0,239,-1
0.2962962962962963,1.0,0.45,0.0,0.45,0.4,1.125,242,0,0.6481481481481481
0.2962962962962963,1.0,0.45,0.0,0.45,0.4,1.125,0,28,-1
0.2962962962962963,1.0,0.45,0.0,0.45,0.4,1.125,0,110,-1
0.2962962962962963,1.0,0.45,0.0,0.45,0.4,1.125,0,138,-1
0.2962962962962963,1.0,0.45,0.0,0.45,0.4,1.125,141,0,0.6481481481481481
0.2962962962962963,1.0,0.45,0.0,0.45,0.4,1.125,40,0,0.6481481481481481
0.2962962962962963,1.0,0.45,0.0,0.45,0.4,1.125,156,0,0.6481481481481481
0.2962962962962963,1.0,0.45,0.0,0.45,0.4,1.125,58,0,0.6481481481481481
0.2962962962962963,1.0,0.45,0.0,0.45,0.4,1.125,215,0,0.6481481481481481
0.2962962962962963,1.0,0.45,0.0,0.45,0.4,1.125,231,0,0.6481481481481481
0.2962962962962963,1.0,0.45,0.0,0.45,0.4,1.125,30,0,0.6481481481481481
0.2962962962962963,1.0,0.45,0.0,0.45,0.4,1.125,0,90,-1
0.2962962962962963,1.0,0.45,0.0,0.45,0.4,1.125,0,127,-1
0.2962962962962963,1.0,0.45,0.0,0.45,0.4,1.125,0,121,-1
0.2962962962962963,1.0,0.45,0.0,0.45,0.4,1.125,102,0,0.6481481481481481
0.2962962962962963,1.0,0.45,0.0,0.45,0.4,1.125,163,0,0.6481481481481481
0.2962962962962963,1.0,0.45,0.0,0.45,0.4,1.125,227,0,0.6481481481481481
0.2962962962962963,1.0,0.45,0.0,0.45,0.4,1.125,6,0,0.6481481481481481
0.2962962962962963,1.0,0.45,0.0,0.45,0.4,1.125,43,0,0.6481481481481481
0.2962962962962963,1.0,0.45,0.0,0.45,0.4,1.125,246,0,0.6481481481481481
0.2962962962962963,1.0,0.45,0.0,0.45,0.4,1.125,0,11,-1
0.2962962962962963,1.0,0.45,0.0,0.45,0.4,1.125,20,0,0.6481481481481481
0.2962962962962963,1.0,0.45,0.0,0.45,0.4,1.125,0,119,-1
0.2962962962962963,1.0,0.45,0.0,0.45,0.4,1.125,52,0,0.6481481481481481
0.2962962962962963,1.0,0.45,0.0,0.45,0.4,1.125,52,0,0.6481481481481481
0.2962962962962963,1.0,0.45,0.0,0.45,0.4,1.125,91,0,0.6481481481481481
0.2962962962962963,1.0,0.45,0.0,0.45,0.4,1.125,184,0,0.6481481481481481
0.2962962962962963,1.0,0.45,0.0,0.45,0.4,1.125,0,75,-1
0.2962962962962963,1.0,0.45,0.0,0.45,0.4,1.125,0,120,-1
0.2962962962962963,1.0,0.45,0.0,0.45,0.4,1.125,0,15,-1
0.2962962962962963,1.0,0.45,0.0,0.45,0.4,1.125,136,0,0.6481481481481481
0.2962962962962963,1.0,0.45,0.0,0.45,0.4,1.125,121,0,0.6481481481481481
0.2962962962962963,1.0,0.45,0.0,0.45,0.4,1.125,0,63,-1
0.2962962962962963,1.0,0.45,0.0,0.45,0.4,1.125,0,256,-1
0.2962962962962963,1.0,0.45,0.0,0.45,0.4,1.125,0,223,-1
0.2962962962962963,1.0,0.45,0.0,0.45,0.4,1.125,87,0,0.6481481481481481
0.2962962962962963,1.0,0.45,0.0,0.45,0.4,1.125,132,0,0.6481481481481481
0.2962962962962963,1.0,0.45,0.0,0.45,0.4,1.125,124,0,0.6481481481481481
0.2962962962962963,1.0,0.45,0.0,0.45,0.4,1.125,0,90,-1
0.2962962962962963,1.0,0.45,0.0,0.45,0.4,1.125,151,0,0.6481481481481481
0.2962962962962963,1.0,0.45,0.0,0.45,0.4,1.125,0,125,-1
0.2962962962962963,1.0,0.45,0.0,0.45,0.4,1.125,0,212,-1
0.2962962962962963,1.0,0.45,0.0,0.45,0.4,1.125,0,173,-1
0.2962962962962963,1.0,0.45,0.0,0.45,0.4,1.125,0,129,-1
0.2962962962962963,1.0,0.45,0.0,0.45,0.4,1.125,244,0,0.6481481481481481
0.2962962962962963,1.0,0.45,0.0,0.45,0.4,1.125,0,183,-1
0.2962962962962963,1.0,0.45,0.0,0.45,0.4,1.125,10,0,0.6481481481481481
0.2962962962962963,1.0,0.45,0.0,0.45,0.4,1.125,0,35,-1
0.2962962962962963,1.0,0.45,0.0,0.45,0.4,1.125,0,86,-1
0.2962962962962963,1.0,0.45,0.0,0.45,0.4,1.125,64,0,0.6481481481481481
0.2962962962962963,1.0,0.45,0.0,0.45,0.4,1.125,47,0,0.6481481481481481
0.2962962962962963,1.0,0.45,0.0,0.45,0.4,1.125,255,0,0.6481481481481481
0.2962962962962963,1.0,0.45,0.0,0.45,0.4,1.125,46,0,0.6481481481481481
0.2962962962962963,1.0,0.45,0.0,0.45,0.4,1.125,250,0,0.6481481481481481
0.2962962962962963,1.0,0.45,0.0,0.45,0.4,1.125,0,64,-1
0.2962962962962963,1.0,0.45,0.0,0.45,0.4,1.125,194,0,0.6481481481481481
0.2962962962962963,1.0,0.45,0.0,0.45,0.4,1.125,0,191,-1
0.2962962962962963,1.0,0.45,0.0,0.45,0.4,1.125,227,0,0.6481481481481481
0.2962962962962963,1.0,0.45,0.0,0.45,0.4,1.125,146,0,0.6481481481481481
0.2962962962962963,1.0,0.45,0.0,0.45,0.4,1.125,108,0,0.6481481481481481
0.2962962962962963,1.0,0.45,0.0,0.45,0.4,1.125,0,136,-1
0.2962962962962963,1.0,0.45,0.0,0.45,0.4,1.125,0,18,-1
0.2962962962962963,1.0,0.45,0.0,0.45,0.4,1.125,208,0,0.6481481481481481
0.2962962962962963,1.0,0.45,0.0,0.45,0.4,1.125,0,217,-1
0.2962962962962963,1.0,0.45,0.0,0.45,0.4,1.125,80,0,0.6481481481481481
0.2962962962962963,1.0,0.45,0.0,0.45,0.4,1.125,184,0,0.6481481481481481
0.2962962962962963,1.0,0.45,0.0,0.45,0.4,1.125,0,245,-1
0.2962962962962963,1.0,0.45,0.0,0.45,0.4,1.125,0,31,-1
0.2962962962962963,1.0,0.45,0.0,0.45,0.4,1.125,131,0,0.6481481481481481
0.2962962962962963,1.0,0.45,0.0,0.45,0.4,1.125,256,0,0.6481481481481481
0.2962962962962963,1.0,0.45,0.0,0.45,0.4,1.125,0,113,-1
0.2962962962962963,1.0,0.45,0.0,0.45,0.4,1.125,0,11,-1
0.2962962962962963,1.0,0.45,0.0,0.45,0.4,1.125,177,0,0.6481481481481481
0.2962962962962963,1.0,0.45,0.0,0.45,0.4,1.125,22,0,0.6481481481481481
0.2962962962962963,1.0,0.45,0.0,0.45,0.4,1.125,0,8,-1
0.2962962962962963,1.0,0.45,0.0,0.45,0.4,1.125,0,191,-1
0.2962962962962963,1.0,0.45,0.0,0.45,0.4,1.125,50,0,0.6481481481481481
0.2962962962962963,1.0,0.45,0.0,0.45,0.4,1.125,2,0,0.6481481481481481
0.2962962962962963,1.0,0.45,0.0,0.45,0.4,1.125,0,105,-1
0.2962962962962963,1.0,0.45,0.0,0.45,0.4,1.125,73,0,0.6481481481481481
0.2962962962962963,1.0,0.45,0.0,0.45,0.4,1.125,41,0,0.6481481481481481
0.2962962962962963,1.0,0.45,0.0,0.45,0.4,1.125,84,0,0.6481481481481481
0.2962962962962963,1.0,0.45,0.0,0.45,0.4,1.125,0,68,-1
0.2962962962962963,1.0,0.45,0.0,0.45,0.4,1.125,0,62,-1
0.2962962962962963,1.0,0.45,0.0,0.45,0.4,1.125,0,97,-1
0.2962962962962963,1.0,0.45,0.0,0.45,0.4,1.125,0,86,-1
0.2962962962962963,1.0,0.45,0.0,0.45,0.4,1.125,0,127,-1
0.2962962962962963,1.0,0.45,0.0,0.45,0.4,1.125,164,0,0.6481481481481481
0.2962962962962963,1.0,0.45,0.0,0.45,0.4,1.125,204,0,0.6481481481481481
0.2962962962962963,1.0,0.45,0.0,0.45,0.4,1.125,241,0,0.6481481481481481
0.2962962962962963,1.0,0.45,0.0,0.45,0.4,1.125,0,63,-1
0.2962962962962963,1.0,0.45,0.0,0.45,0.4,1.125,67,0,0.6481481481481481
0.2962962962962963,1.0,0.45,0.0,0.45,0.4,1.125,0,179,-1
0.2962962962962963,1.0,0.45,0.0,0.45,0.4,1.125,0,83,-1
0.2962962962962963,1.0,0.45,0.0,0.45,0.4,1.125,56,0,0.6481481481481481
0.2962962962962963,1.0,0.45,0.0,0.45,0.4,1.125,0,222,-1
0.2962962962962963,1.0,0.45,0.0,0.45,0.4,1.125,0,252,-1
0.2962962962962963,1.0,0.45,0.0,0.45,0.4,1.125,0,146,-1
0.2962962962962963,1.0,0.45,0.0,0.45,0.4,1.125,163,0,0.6481481481481481
0.2962962962962963,1.0,0.45,0.0,0.45,0.4,1.125,256,0,0.6481481481481481
0.2962962962962963,1.0,0.45,0.0,0.45,0.4,1.125,212,0,0.6481481481481481
0.2962962962962963,1.0,0.45,0.0,0.45,0.4,1.125,0,123,-1
0.2962962962962963,1.0,0.45,0.0,0.45,0.4,1.125,0,147,-1
0.2962962962962963,1.0,0.45,0.0,0.45,0.4,1.125,131,0,0.6481481481481481
0.2962962962962963,1.0,0.45,0.0,0.45,0.4,1.125,7,0,0.6481481481481481
0.2962962962962963,1.0,0.45,0.0,0.45,0.4,1.125,0,196,-1
0.2962962962962963,1.0,0.45,0.0,0.45,0.4,1.125,151,0,0.6481481481481481
0.2962962962962963,1.0,0.45,0.0,0.45,0.4,1.125,43,0,0.6481481481481481
0.2962962962962963,1.0,0.45,0.0,0.45,0.4,1.125,89,0,0.6481481481481481
0.2962962962962963,1.0,0.45,0.0,0.45,0.4,1.125,118,0,0.6481481481481481
0.2962962962962963,1.0,0.45,0.0,0.45,0.4,1.125,0,32,-1
0.2962962962962963,1.0,0.45,0.0,0.45,0.4,1.125,0,187,-1
0.2962962962962963,1.0,0.45,0.0,0.45,0.4,1.125,228,0,0.6481481481481481
0.2962962962962963,1.0,0.45,0.0,0.45,0.4,1.125,176,0,0.6481481481481481
0.2962962962962963,1.0,0.45,0.0,0.45,0.4,1.125,0,183,-1
0.2962962962962963,1.0,0.45,0.0,0.45,0.4,1.125,0,46,-1
0.2962962962962963,1.0,0.45,0.0,0.45,0.4,1.125,0,181,-1
0.2962962962962963,1.0,0.45,0.0,0.45,0.4,1.125,178,0,0.6481481481481481
0.2962962962962963,1.0,0.45,0.0,0.45,0.4,1.125,0,175,-1
0.2962962962962963,1.0,0.45,0.0,0.45,0.4,1.125,5,0,0.6481481481481481
0.2962962962962963,1.0,0.45,0.0,0.45,0.4,1.125,0,233,-1
0.2962962962962963,1.0,0.45,0.0,0.45,0.4,1.125,0,93,-1
0.2962962962962963,1.0,0.45,0.0,0.45,0.4,1.125,167,0,0.6481481481481481
0.2962962962962963,1.0,0.45,0.0,0.45,0.4,1.125,19,0,0.6481481481481481
0.2962962962962963,1.0,0.45,0.0,0.45,0.4,1.125,59,0,0.6481481481481481
0.2962962962962963,1.0,0.45,0.0,0.45,0.4,1.125,251,0,0.6481481481481481
0.2962962962962963,1.0,0.45,0.0,0.45,0.4,1.125,0,220,-1
0.2962962962962963,1.0,0.45,0.0,0.45,0.4,1.125,0,251,-1
0.2962962962962963,1.0,0.45,0.0,0.45,0.4,1.125,0,132,-1
0.2962962962962963,1.0,0.45,0.0,0.45,0.4,1.125,83,0,0.6481481481481481
0.2962962962962963,1.0,0.45,0.0,0.45,0.4,1.125,0,17,-1
0.2962962962962963,1.0,0.45,0.0,0.45,0.4,1.125,0,157,-1
0.2962962962962963,1.0,0.45,0.0,0.45,0.4,1.125,54,0,0.6481481481481481
0.2962962962962963,1.0,0.45,0.0,0.45,0.4,1.125,183,0,0.6481481481481481
0.2962962962962963,1.0,0.45,0.0,0.45,0.4,1.125,128,0,0.6481481481481481
0.2962962962962963,1.0,0.45,0.0,0.45,0.4,1.125,94,0,0.6481481481481481
0.2962962962962963,1.0,0.45,0.0,0.45,0.4,1.125,42,0,0.6481481481481481
0.2962962962962963,1.0,0.45,0.0,0.45,0.4,1.125,220,0,0.6481481481481481
0.2962962962962963,1.0,0.45,0.0,0.45,0.4,1.125,0,173,-1
0.2962962962962963,1.0,0.45,0.0,0.45,0.4,1.125,0,237,-1
0.2962962962962963,1.0,0.45,0.0,0.45,0.4,1.125,0,241,-1
0.2962962962962963,1.0,0.45,0.0,0.45,0.4,1.125,185,0,0.6481481481481481
0.2962962962962963,1.0,0.45,0.0,0.45,0.4,1.125,0,113,-1
0.2962962962962963,1.0,0.45,0.0,0.45,0.4,1.125,0,90,-1
0.2962962962962963,1.0,0.45,0.0,0.45,0.4,1.125,0,203,-1
0.2962962962962963,1.0,0.45,0.0,0.45,0.4,1.125,0,256,-1
0.2962962962962963,1.0,0.45,0.0,0.45,0.4,1.125,0,149,-1
0.2962962962962963,1.0,0.45,0.0,0.45,0.4,1.125,253,0,0.6481481481481481
0.2962962962962963,1.0,0.45,0.0,0.45,0.4,1.125,0,189,-1
0.2962962962962963,1.0,0.45,0.0,0.45,0.4,1.125,176,0,0.6481481481481481
0.2962962962962963,1.0,0.45,0.0,0.45,0.4,1.125,0,211,-1
0.2962962962962963,1.0,0.45,0.0,0.45,0.4,1.125,147,0,0.6481481481481481
0.2962962962962963,1.0,0.45,0.0,0.45,0.4,1.125,0,182,-1
0.2962962962962963,1.0,0.45,0.0,0.45,0.4,1.125,111,0,0.6481481481481481
0.2962962962962963,1.0,0.45,0.0,0.45,0.4,1.125,165,0,0.6481481481481481
0.2962962962962963,1.0,0.45,0.0,0.45,0.4,1.125,0,188,-1
0.2962962962962963,1.0,0.45,0.0,0.45,0.4,1.125,0,183,-1
0.2962962962962963,1.0,0.45,0.0,0.45,0.4,1.125,132,0,0.6481481481481481
0.2962962962962963,1.0,0.45,0.0,0.45,0.4,1.125,68,0,0.6481481481481481
0.2962962962962963,1.0,0.45,0.0,0.45,0.4,1.125,98,0,0.6481481481481481
0.2962962962962963,1.0,0.45,0.0,0.45,0.4,1.125,0,70,-1
0.2962962962962963,1.0,0.45,0.0,0.45,0.4,1.125,0,143,-1
0.2962962962962963,1.0,0.45,0.0,0.45,0.4,1.125,0,191,-1
0.2962962962962963,1.0,0.45,0.0,0.45,0.4,1.125,0,228,-1
0.2962962962962963,1.0,0.45,0.0,0.45,0.4,1.125,0,171,-1
0.2962962962962963,1.0,0.45,0.0,0.45,0.4,1.125,0,99,-1
0.2962962962962963,1.0,0.45,0.0,0.45,0.4,1.125,14,0,0.6481481481481481
0.2962962962962963,1.0,0.45,0.0,0.45,0.4,1.125,26,0,0.6481481481481481
0.2962962962962963,1.0,0.45,0.0,0.45,0.4,1.125,0,198,-1
0.2962962962962963,1.0,0.45,0.0,0.45,0.4,1.125,0,86,-1
0.2962962962962963,1.0,0.45,0.0,0.45,0.4,1.125,0,107,-1
0.2962962962962963,1.0,0.45,0.0,0.45,0.4,1.125,0,23,-1
0.2962962962962963,1.0,0.45,0.0,0.45,0.4,1.125,0,81,-1
0.2962962962962963,1.0,0.45,0.0,0.45,0.4,1.125,83,0,0.6481481481481481
0.2962962962962963,1.0,0.45,0.0,0.45,0.4,1.125,0,125,-1
0.2962962962962963,1.0,0.45,0.0,0.45,0.4,1.125,112,0,0.6481481481481481
0.2962962962962963,1.0,0.45,0.0,0.45,0.4,1.125,0,111,-1
0.2962962962962963,1.0,0.45,0.0,0.45,0.4,1.125,192,0,0.6481481481481481
0.2962962962962963,1.0,0.45,0.0,0.45,0.4,1.125,0,1,0.6333333333333333
0.2666666666666666,1.0,0.5,0.0,0.5,0.4,1.25,86,0,0.6333333333333333
0.2666666666666666,1.0,0.5,0.0,0.5,0.4,1.25,0,189,-1
0.2666666666666666,1.0,0.5,0.0,0.5,0.4,1.25,0,126,-1
0.2666666666666666,1.0,0.5,0.0,0.5,0.4,1.25,0,199,-1
0.2666666666666666,1.0,0.5,0.0,0.5,0.4,1.25,254,0,0.6333333333333333
0.2666666666666666,1.0,0.5,0.0,0.5,0.4,1.25,0,193,-1
0.2666666666666666,1.0,0.5,0.0,0.5,0.4,1.25,81,0,0.6333333333333333
0.2666666666666666,1.0,0.5,0.0,0.5,0.4,1.25,110,0,0.6333333333333333
0.2666666666666666,1.0,0.5,0.0,0.5,0.4,1.25,191,0,0.6333333333333333
0.2666666666666666,1.0,0.5,0.0,0.5,0.4,1.25,0,156,-1
0.2666666666666666,1.0,0.5,0.0,0.5,0.4,1.25,0,79,-1
0.2666666666666666,1.0,0.5,0.0,0.5,0.4,1.25,0,230,-1
0.2666666666666666,1.0,0.5,0.0,0.5,0.4,1.25,251,0,0.6333333333333333
0.2666666666666666,1.0,0.5,0.0,0.5,0.4,1.25,194,0,0.6333333333333333
0.2666666666666666,1.0,0.5,0.0,0.5,0.4,1.25,0,157,-1
0.2666666666666666,1.0,0.5,0.0,0.5,0.4,1.25,0,118,-1
0.2666666666666666,1.0,0.5,0.0,0.5,0.4,1.25,0,105,-1
0.2666666666666666,1.0,0.5,0.0,0.5,0.4,1.25,219,0,0.6333333333333333
0.2666666666666666,1.0,0.5,0.0,0.5,0.4,1.25,0,97,-1
0.2666666666666666,1.0,0.5,0.0,0.5,0.4,1.25,248,0,0.6333333333333333
0.2666666666666666,1.0,0.5,0.0,0.5,0.4,1.25,0,180,-1
0.2666666666666666,1.0,0.5,0.0,0.5,0.4,1.25,121,0,0.6333333333333333
0.2666666666666666,1.0,0.5,0.0,0.5,0.4,1.25,197,0,0.6333333333333333
0.2666666666666666,1.0,0.5,0.0,0.5,0.4,1.25,0,108,-1
0.2666666666666666,1.0,0.5,0.0,0.5,0.4,1.25,193,0,0.6333333333333333
0.2666666666666666,1.0,0.5,0.0,0.5,0.4,1.25,129,0,0.6333333333333333
0.2666666666666666,1.0,0.5,0.0,0.5,0.4,1.25,0,126,-1
0.2666666666666666,1.0,0.5,0.0,0.5,0.4,1.25,0,56,-1
0.2666666666666666,1.0,0.5,0.0,0.5,0.4,1.25,0,247,-1
0.2666666666666666,1.0,0.5,0.0,0.5,0.4,1.25,0,39,-1
0.2666666666666666,1.0,0.5,0.0,0.5,0.4,1.25,58,0,0.6333333333333333
0.2666666666666666,1.0,0.5,0.0,0.5,0.4,1.25,0,60,-1
0.2666666666666666,1.0,0.5,0.0,0.5,0.4,1.25,191,0,0.6333333333333333
0.2666666666666666,1.0,0.5,0.0,0.5,0.4,1.25,92,0,0.6333333333333333
0.2666666666666666,1.0,0.5,0.0,0.5,0.4,1.25,75,0,0.6333333333333333
0.2666666666666666,1.0,0.5,0.0,0.5,0.4,1.25,0,218,-1
0.2666666666666666,1.0,0.5,0.0,0.5,0.4,1.25,0,128,-1
0.2666666666666666,1.0,0.5,0.0,0.5,0.4,1.25,0,96,-1
0.2666666666666666,1.0,0.5,0.0,0.5,0.4,1.25,0,111,-1
0.2666666666666666,1.0,0.5,0.0,0.5,0.4,1.25,0,69,-1
0.2666666666666666,1.0,0.5,0.0,0.5,0.4,1.25,56,0,0.6333333333333333
0.2666666666666666,1.0,0.5,0.0,0.5,0.4,1.25,0,91,-1
0.2666666666666666,1.0,0.5,0.0,0.5,0.4,1.25,0,32,-1
0.2666666666666666,1.0,0.5,0.0,0.5,0.4,1.25,0,56,-1
0.2666666666666666,1.0,0.5,0.0,0.5,0.4,1.25,0,44,-1
0.2666666666666666,1.0,0.5,0.0,0.5,0.4,1.25,42,0,0.6333333333333333
0.2666666666666666,1.0,0.5,0.0,0.5,0.4,1.25,180,0,0.6333333333333333
0.2666666666666666,1.0,0.5,0.0,0.5,0.4,1.25,153,0,0.6333333333333333
0.2666666666666666,1.0,0.5,0.0,0.5,0.4,1.25,0,198,-1
0.2666666666666666,1.0,0.5,0.0,0.5,0.4,1.25,0,158,-1
0.2666666666666666,1.0,0.5,0.0,0.5,0.4,1.25,68,0,0.6333333333333333
0.2666666666666666,1.0,0.5,0.0,0.5,0.4,1.25,7,0,0.6333333333333333
0.2666666666666666,1.0,0.5,0.0,0.5,0.4,1.25,0,86,-1
0.2666666666666666,1.0,0.5,0.0,0.5,0.4,1.25,204,0,0.6333333333333333
0.2666666666666666,1.0,0.5,0.0,0.5,0.4,1.25,108,0,0.6333333333333333
0.2666666666666666,1.0,0.5,0.0,0.5,0.4,1.25,0,159,-1
0.2666666666666666,1.0,0.5,0.0,0.5,0.4,1.25,218,0,0.6333333333333333
0.2666666666666666,1.0,0.5,0.0,0.5,0.4,1.25,0,85,-1
0.2666666666666666,1.0,0.5,0.0,0.5,0.4,1.25,0,101,-1
0.2666666666666666,1.0,0.5,0.0,0.5,0.4,1.25,119,0,0.6333333333333333
0.2666666666666666,1.0,0.5,0.0,0.5,0.4,1.25,201,0,0.6333333333333333
0.2666666666666666,1.0,0.5,0.0,0.5,0.4,1.25,0,250,-1
0.2666666666666666,1.0,0.5,0.0,0.5,0.4,1.25,232,0,0.6333333333333333
0.2666666666666666,1.0,0.5,0.0,0.5,0.4,1.25,0,201,-1
0.2666666666666666,1.0,0.5,0.0,0.5,0.4,1.25,0,246,-1
0.2666666666666666,1.0,0.5,0.0,0.5,0.4,1.25,75,0,0.6333333333333333
0.2666666666666666,1.0,0.5,0.0,0.5,0.4,1.25,244,0,0.6333333333333333
0.2666666666666666,1.0,0.5,0.0,0.5,0.4,1.25,0,147,-1
0.2666666666666666,1.0,0.5,0.0,0.5,0.4,1.25,0,153,-1
0.2666666666666666,1.0,0.5,0.0,0.5,0.4,1.25,149,0,0.6333333333333333
0.2666666666666666,1.0,0.5,0.0,0.5,0.4,1.25,0,98,-1
0.2666666666666666,1.0,0.5,0.0,0.5,0.4,1.25,201,0,0.6333333333333333
0.2666666666666666,1.0,0.5,0.0,0.5,0.4,1.25,169,0,0.6333333333333333
0.2666666666666666,1.0,0.5,0.0,0.5,0.4,1.25,0,140,-1
0.2666666666666666,1.0,0.5,0.0,0.5,0.4,1.25,107,0,0.6333333333333333
0.2666666666666666,1.0,0.5,0.0,0.5,0.4,1.25,2,0,0.6333333333333333
0.2666666666666666,1.0,0.5,0.0,0.5,0.4,1.25,158,0,0.6333333333333333
0.2666666666666666,1.0,0.5,0.0,0.5,0.4,1.25,250,0,0.6333333333333333
0.2666666666666666,1.0,0.5,0.0,0.5,0.4,1.25,185,0,0.6333333333333333
0.2666666666666666,1.0,0.5,0.0,0.5,0.4,1.25,0,27,-1
0.2666666666666666,1.0,0.5,0.0,0.5,0.4,1.25,150,0,0.6333333333333333
0.2666666666666666,1.0,0.5,0.0,0.5,0.4,1.25,0,197,-1
0.2666666666666666,1.0,0.5,0.0,0.5,0.4,1.25,0,100,-1
0.2666666666666666,1.0,0.5,0.0,0.5,0.4,1.25,221,0,0.6333333333333333
0.2666666666666666,1.0,0.5,0.0,0.5,0.4,1.25,11,0,0.6333333333333333
0.2666666666666666,1.0,0.5,0.0,0.5,0.4,1.25,242,0,0.6333333333333333
0.2666666666666666,1.0,0.5,0.0,0.5,0.4,1.25,0,191,-1
0.2666666666666666,1.0,0.5,0.0,0.5,0.4,1.25,177,0,0.6333333333333333
0.2666666666666666,1.0,0.5,0.0,0.5,0.4,1.25,0,218,-1
0.2666666666666666,1.0,0.5,0.0,0.5,0.4,1.25,152,0,0.6333333333333333
0.2666666666666666,1.0,0.5,0.0,0.5,0.4,1.25,0,216,-1
0.2666666666666666,1.0,0.5,0.0,0.5,0.4,1.25,169,0,0.6333333333333333
0.2666666666666666,1.0,0.5,0.0,0.5,0.4,1.25,0,168,-1
0.2666666666666666,1.0,0.5,0.0,0.5,0.4,1.25,0,51,-1
0.2666666666666666,1.0,0.5,0.0,0.5,0.4,1.25,6,0,0.6333333333333333
0.2666666666666666,1.0,0.5,0.0,0.5,0.4,1.25,0,246,-1
0.2666666666666666,1.0,0.5,0.0,0.5,0.4,1.25,4,0,0.6333333333333333
0.2666666666666666,1.0,0.5,0.0,0.5,0.4,1.25,0,192,-1
0.2666666666666666,1.0,0.5,0.0,0.5,0.4,1.25,0,160,-1
0.2666666666666666,1.0,0.5,0.0,0.5,0.4,1.25,0,99,-1
0.2666666666666666,1.0,0.5,0.0,0.5,0.4,1.25,0,9,-1
0.2666666666666666,1.0,0.5,0.0,0.5,0.4,1.25,0,124,-1
0.2666666666666666,1.0,0.5,0.0,0.5,0.4,1.25,14,0,0.6333333333333333
0.2666666666666666,1.0,0.5,0.0,0.5,0.4,1.25,0,194,-1
0.2666666666666666,1.0,0.5,0.0,0.5,0.4,1.25,0,131,-1
0.2666666666666666,1.0,0.5,0.0,0.5,0.4,1.25,168,0,0.6333333333333333
0.2666666666666666,1.0,0.5,0.0,0.5,0.4,1.25,157,0,0.6333333333333333
0.2666666666666666,1.0,0.5,0.0,0.5,0.4,1.25,243,0,0.6333333333333333
0.2666666666666666,1.0,0.5,0.0,0.5,0.4,1.25,0,53,-1
0.2666666666666666,1.0,0.5,0.0,0.5,0.4,1.25,0,35,-1
0.2666666666666666,1.0,0.5,0.0,0.5,0.4,1.25,0,60,-1
0.2666666666666666,1.0,0.5,0.0,0.5,0.4,1.25,134,0,0.6333333333333333
0.2666666666666666,1.0,0.5,0.0,0.5,0.4,1.25,0,80,-1
0.2666666666666666,1.0,0.5,0.0,0.5,0.4,1.25,0,159,-1
0.2666666666666666,1.0,0.5,0.0,0.5,0.4,1.25,0,230,-1
0.2666666666666666,1.0,0.5,0.0,0.5,0.4,1.25,256,0,0.6333333333333333
0.2666666666666666,1.0,0.5,0.0,0.5,0.4,1.25,232,0,0.6333333333333333
0.2666666666666666,1.0,0.5,0.0,0.5,0.4,1.25,76,0,0.6333333333333333
0.2666666666666666,1.0,0.5,0.0,0.5,0.4,1.25,0,45,-1
0.2666666666666666,1.0,0.5,0.0,0.5,0.4,1.25,0,29,-1
0.2666666666666666,1.0,0.5,0.0,0.5,0.4,1.25,0,223,-1
0.2666666666666666,1.0,0.5,0.0,0.5,0.4,1.25,0,248,-1
0.2666666666666666,1.0,0.5,0.0,0.5,0.4,1.25,0,207,-1
0.2666666666666666,1.0,0.5,0.0,0.5,0.4,1.25,222,0,0.6333333333333333
0.2666666666666666,1.0,0.5,0.0,0.5,0.4,1.25,0,249,-1
0.2666666666666666,1.0,0.5,0.0,0.5,0.4,1.25,0,203,-1
0.2666666666666666,1.0,0.5,0.0,0.5,0.4,1.25,116,0,0.6333333333333333
0.2666666666666666,1.0,0.5,0.0,0.5,0.4,1.25,0,62,-1
0.2666666666666666,1.0,0.5,0.0,0.5,0.4,1.25,0,121,-1
0.2666666666666666,1.0,0.5,0.0,0.5,0.4,1.25,0,77,-1
0.2666666666666666,1.0,0.5,0.0,0.5,0.4,1.25,0,195,-1
0.2666666666666666,1.0,0.5,0.0,0.5,0.4,1.25,37,0,0.6333333333333333
0.2666666666666666,1.0,0.5,0.0,0.5,0.4,1.25,215,0,0.6333333333333333
0.2666666666666666,1.0,0.5,0.0,0.5,0.4,1.25,21,0,0.6333333333333333
0.2666666666666666,1.0,0.5,0.0,0.5,0.4,1.25,0,168,-1
0.2666666666666666,1.0,0.5,0.0,0.5,0.4,1.25,0,214,-1
0.2666666666666666,1.0,0.5,0.0,0.5,0.4,1.25,255,0,0.6333333333333333
0.2666666666666666,1.0,0.5,0.0,0.5,0.4,1.25,31,0,0.6333333333333333
0.2666666666666666,1.0,0.5,0.0,0.5,0.4,1.25,0,255,-1
0.2666666666666666,1.0,0.5,0.0,0.5,0.4,1.25,140,0,0.6333333333333333
0.2666666666666666,1.0,0.5,0.0,0.5,0.4,1.25,81,0,0.6333333333333333
0.2666666666666666,1.0,0.5,0.0,0.5,0.4,1.25,0,142,-1
0.2666666666666666,1.0,0.5,0.0,0.5,0.4,1.25,148,0,0.6333333333333333
0.2666666666666666,1.0,0.5,0.0,0.5,0.4,1.25,68,0,0.6333333333333333
0.2666666666666666,1.0,0.5,0.0,0.5,0.4,1.25,37,0,0.6333333333333333
0.2666666666666666,1.0,0.5,0.0,0.5,0.4,1.25,0,0,0.6333333333333333
0.2666666666666666,1.0,0.5,0.0,0.5,0.4,1.25,0,112,-1
0.2666666666666666,1.0,0.5,0.0,0.5,0.4,1.25,0,106,-1
0.2666666666666666,1.0,0.5,0.0,0.5,0.4,1.25,0,41,-1
0.2666666666666666,1.0,0.5,0.0,0.5,0.4,1.25,224,0,0.6333333333333333
0.2666666666666666,1.0,0.5,0.0,0.5,0.4,1.25,0,214,-1
0.2666666666666666,1.0,0.5,0.0,0.5,0.4,1.25,0,245,-1
0.2666666666666666,1.0,0.5,0.0,0.5,0.4,1.25,0,32,-1
0.2666666666666666,1.0,0.5,0.0,0.5,0.4,1.25,0,130,-1
0.2666666666666666,1.0,0.5,0.0,0.5,0.4,1.25,66,0,0.6333333333333333
0.2666666666666666,1.0,0.5,0.0,0.5,0.4,1.25,0,250,-1
0.2666666666666666,1.0,0.5,0.0,0.5,0.4,1.25,44,0,0.6333333333333333
0.2666666666666666,1.0,0.5,0.0,0.5,0.4,1.25,73,0,0.6333333333333333
0.2666666666666666,1.0,0.5,0.0,0.5,0.4,1.25,174,0,0.6333333333333333
0.2666666666666666,1.0,0.5,0.0,0.5,0.4,1.25,0,7,-1
0.2666666666666666,1.0,0.5,0.0,0.5,0.4,1.25,121,0,0.6333333333333333
0.2666666666666666,1.0,0.5,0.0,0.5,0.4,1.25,0,237,-1
0.2666666666666666,1.0,0.5,0.0,0.5,0.4,1.25,0,211,-1
0.2666666666666666,1.0,0.5,0.0,0.5,0.4,1.25,203,0,0.6333333333333333
0.2666666666666666,1.0,0.5,0.0,0.5,0.4,1.25,114,0,0.6333333333333333
0.2666666666666666,1.0,0.5,0.0,0.5,0.4,1.25,0,41,-1
0.2666666666666666,1.0,0.5,0.0,0.5,0.4,1.25,136,0,0.6333333333333333
0.2666666666666666,1.0,0.5,0.0,0.5,0.4,1.25,0,23,-1
0.2666666666666666,1.0,0.5,0.0,0.5,0.4,1.25,203,0,0.6333333333333333
0.2666666666666666,1.0,0.5,0.0,0.5,0.4,1.25,0,97,-1
0.2666666666666666,1.0,0.5,0.0,0.5,0.4,1.25,154,0,0.6333333333333333
0.2666666666666666,1.0,0.5,0.0,0.5,0.4,1.25,0,38,-1
0.2666666666666666,1.0,0.5,0.0,0.5,0.4,1.25,0,71,-1
0.2666666666666666,1.0,0.5,0.0,0.5,0.4,1.25,254,0,0.6333333333333333
0.2666666666666666,1.0,0.5,0.0,0.5,0.4,1.25,250,0,0.6333333333333333
0.2666666666666666,1.0,0.5,0.0,0.5,0.4,1.25,119,0,0.6333333333333333
0.2666666666666666,1.0,0.5,0.0,0.5,0.4,1.25,90,0,0.6333333333333333
0.2666666666666666,1.0,0.5,0.0,0.5,0.4,1.25,0,44,-1
0.2666666666666666,1.0,0.5,0.0,0.5,0.4,1.25,70,0,0.6333333333333333
0.2666666666666666,1.0,0.5,0.0,0.5,0.4,1.25,186,0,0.6333333333333333
0.2666666666666666,1.0,0.5,0.0,0.5,0.4,1.25,0,162,-1
0.2666666666666666,1.0,0.5,0.0,0.5,0.4,1.25,0,233,-1
0.2666666666666666,1.0,0.5,0.0,0.5,0.4,1.25,0,249,-1
0.2666666666666666,1.0,0.5,0.0,0.5,0.4,1.25,159,0,0.6333333333333333
0.2666666666666666,1.0,0.5,0.0,0.5,0.4,1.25,78,0,0.6333333333333333
0.2666666666666666,1.0,0.5,0.0,0.5,0.4,1.25,193,0,0.6333333333333333
0.2666666666666666,1.0,0.5,0.0,0.5,0.4,1.25,104,0,0.6333333333333333
0.2666666666666666,1.0,0.5,0.0,0.5,0.4,1.25,153,0,0.6333333333333333
0.2666666666666666,1.0,0.5,0.0,0.5,0.4,1.25,0,158,-1
0.2666666666666666,1.0,0.5,0.0,0.5,0.4,1.25,0,48,-1
0.2666666666666666,1.0,0.5,0.0,0.5,0.4,1.25,0,5,-1
0.2666666666666666,1.0,0.5,0.0,0.5,0.4,1.25,113,0,0.6333333333333333
0.2666666666666666,1.0,0.5,0.0,0.5,0.4,1.25,116,0,0.6333333333333333
0.2666666666666666,1.0,0.5,0.0,0.5,0.4,1.25,19,0,0.6333333333333333
0.2666666666666666,1.0,0.5,0.0,0.5,0.4,1.25,63,0,0.6333333333333333
0.2666666666666666,1.0,0.5,0.0,0.5,0.4,1.25,136,0,0.6333333333333333
0.2666666666666666,1.0,0.5,0.0,0.5,0.4,1.25,99,0,0.6333333333333333
0.2666666666666666,1.0,0.5,0.0,0.5,0.4,1.25,0,170,-1
0.2666666666666666,1.0,0.5,0.0,0.5,0.4,1.25,0,29,-1
0.2666666666666666,1.0,0.5,0.0,0.5,0.4,1.25,0,254,-1
0.2666666666666666,1.0,0.5,0.0,0.5,0.4,1.25,163,0,0.6333333333333333
0.2666666666666666,1.0,0.5,0.0,0.5,0.4,1.25,0,21,-1
0.2666666666666666,1.0,0.5,0.0,0.5,0.4,1.25,0,93,-1
0.2666666666666666,1.0,0.5,0.0,0.5,0.4,1.25,0,24,-1
0.2666666666666666,1.0,0.5,0.0,0.5,0.4,1.25,0,86,-1
0.2666666666666666,1.0,0.5,0.0,0.5,0.4,1.25,0,193,-1
0.2666666666666666,1.0,0.5,0.0,0.5,0.4,1.25,0,75,-1
0.2666666666666666,1.0,0.5,0.0,0.5,0.4,1.25,231,0,0.6333333333333333
0.2666666666666666,1.0,0.5,0.0,0.5,0.4,1.25,184,0,0.6333333333333333
0.2666666666666666,1.0,0.5,0.0,0.5,0.4,1.25,78,0,0.6333333333333333
0.2666666666666666,1.0,0.5,0.0,0.5,0.4,1.25,245,0,0.6333333333333333
0.2666666666666666,1.0,0.5,0.0,0.5,0.4,1.25,0,17,-1
0.2666666666666666,1.0,0.5,0.0,0.5,0.4,1.25,44,0,0.6333333333333333
0.2666666666666666,1.0,0.5,0.0,0.5,0.4,1.25,0,21,-1
0.2666666666666666,1.0,0.5,0.0,0.5,0.4,1.25,0,232,-1
0.2666666666666666,1.0,0.5,0.0,0.5,0.4,1.25,204,0,0.6333333333333333
0.2666666666666666,1.0,0.5,0.0,0.5,0.4,1.25,0,221,-1
0.2666666666666666,1.0,0.5,0.0,0.5,0.4,1.25,143,0,0.6333333333333333
0.2666666666666666,1.0,0.5,0.0,0.5,0.4,1.25,112,0,0.6333333333333333
0.2666666666666666,1.0,0.5,0.0,0.5,0.4,1.25,0,62,-1
0.2666666666666666,1.0,0.5,0.0,0.5,0.4,1.25,181,0,0.6333333333333333
0.2666666666666666,1.0,0.5,0.0,0.5,0.4,1.25,0,192,-1
0.2666666666666666,1.0,0.5,0.0,0.5,0.4,1.25,0,6,-1
0.2666666666666666,1.0,0.5,0.0,0.5,0.4,1.25,0,246,-1
0.2666666666666666,1.0,0.5,0.0,0.5,0.4,1.25,72,0,0.6333333333333333
0.2666666666666666,1.0,0.5,0.0,0.5,0.4,1.25,0,135,-1
0.2666666666666666,1.0,0.5,0.0,0.5,0.4,1.25,45,0,0.6333333333333333
0.2666666666666666,1.0,0.5,0.0,0.5,0.4,1.25,0,10,-1
0.2666666666666666,1.0,0.5,0.0,0.5,0.4,1.25,0,252,-1
0.2666666666666666,1.0,0.5,0.0,0.5,0.4,1.25,0,15,-1
0.2666666666666666,1.0,0.5,0.0,0.5,0.4,1.25,0,114,-1
0.2666666666666666,1.0,0.5,0.0,0.5,0.4,1.25,15,0,0.6333333333333333
0.2666666666666666,1.0,0.5,0.0,0.5,0.4,1.25,0,62,-1
0.2666666666666666,1.0,0.5,0.0,0.5,0.4,1.25,0,226,-1
0.2666666666666666,1.0,0.5,0.0,0.5,0.4,1.25,0,187,-1
0.2666666666666666,1.0,0.5,0.0,0.5,0.4,1.25,0,201,-1
0.2666666666666666,1.0,0.5,0.0,0.5,0.4,1.25,0,21,-1
0.2666666666666666,1.0,0.5,0.0,0.5,0.4,1.25,236,0,0.6333333333333333
0.2666666666666666,1.0,0.5,0.0,0.5,0.4,1.25,134,0,0.6333333333333333
0.2666666666666666,1.0,0.5,0.0,0.5,0.4,1.25,0,135,-1
0.2666666666666666,1.0,0.5,0.0,0.5,0.4,1.25,226,0,0.6333333333333333
0.2666666666666666,1.0,0.5,0.0,0.5,0.4,1.25,0,186,-1
0.2666666666666666,1.0,0.5,0.0,0.5,0.4,1.25,63,0,0.6333333333333333
0.2666666666666666,1.0,0.5,0.0,0.5,0.4,1.25,0,83,-1
0.2666666666666666,1.0,0.5,0.0,0.5,0.4,1.25,0,146,-1
0.2666666666666666,1.0,0.5,0.0,0.5,0.4,1.25,0,11,-1
0.2666666666666666,1.0,0.5,0.0,0.5,0.4,1.25,0,163,-1
0.2666666666666666,1.0,0.5,0.0,0.5,0.4,1.25,0,55,-1
0.2666666666666666,1.0,0.5,0.0,0.5,0.4,1.25,0,223,-1
0.2666666666666666,1.0,0.5,0.0,0.5,0.4,1.25,217,0,0.6333333333333333
0.2666666666666666,1.0,0.5,0.0,0.5,0.4,1.25,0,179,-1
0.2666666666666666,1.0,0.5,0.0,0.5,0.4,1.25,0,0,0.6333333333333333
0.2666666666666666,1.0,0.5,0.0,0.5,0.4,1.25,0,93,-1
0.2666666666666666,1.0,0.5,0.0,0.5,0.4,1.25,0,95,-1
0.2666666666666666,1.0,0.5,0.0,0.5,0.4,1.25,251,0,0.6333333333333333
0.2666666666666666,1.0,0.5,0.0,0.5,0.4,1.25,0,90,-1
0.2666666666666666,1.0,0.5,0.0,0.5,0.4,1.25,0,220,-1
0.2666666666666666,1.0,0.5,0.0,0.5,0.4,1.25,7,0,0.6333333333333333
0.2666666666666666,1.0,0.5,0.0,0.5,0.4,1.25,0,221,-1
0.2666666666666666,1.0,0.5,0.0,0.5,0.4,1.25,0,77,-1
0.2666666666666666,1.0,0.5,0.0,0.5,0.4,1.25,0,190,-1
0.2666666666666666,1.0,0.5,0.0,0.5,0.4,1.25,0,85,-1
0.2666666666666666,1.0,0.5,0.0,0.5,0.4,1.25,61,0,0.6333333333333333
0.2666666666666666,1.0,0.5,0.0,0.5,0.4,1.25,0,101,-1
0.2666666666666666,1.0,0.5,0.0,0.5,0.4,1.25,0,189,-1
0.2666666666666666,1.0,0.5,0.0,0.5,0.4,1.25,216,0,0.6333333333333333
0.2666666666666666,1.0,0.5,0.0,0.5,0.4,1.25,142,0,0.6333333333333333
0.2666666666666666,1.0,0.5,0.0,0.5,0.4,1.25,0,232,-1
0.2666666666666666,1.0,0.5,0.0,0.5,0.4,1.25,0,64,-1
0.2666666666666666,1.0,0.5,0.0,0.5,0.4,1.25,237,0,0.6333333333333333
0.2666666666666666,1.0,0.5,0.0,0.5,0.4,1.25,0,118,-1
0.2666666666666666,1.0,0.5,0.0,0.5,0.4,1.25,0,61,-1
0.2666666666666666,1.0,0.5,0.0,0.5,0.4,1.25,0,23,-1
0.2666666666666666,1.0,0.5,0.0,0.5,0.4,1.25,0,128,-1
0.2666666666666666,1.0,0.5,0.0,0.5,0.4,1.25,0,86,-1
0.2666666666666666,1.0,0.5,0.0,0.5,0.4,1.25,0,249,-1
0.2666666666666666,1.0,0.5,0.0,0.5,0.4,1.25,113,0,0.6333333333333333
0.2666666666666666,1.0,0.5,0.0,0.5,0.4,1.25,13,0,0.6333333333333333
0.2666666666666666,1.0,0.5,0.0,0.5,0.4,1.25,62,0,0.6333333333333333
0.2666666666666666,1.0,0.5,0.0,0.5,0.4,1.25,113,0,0.6333333333333333
0.2666666666666666,1.0,0.5,0.0,0.5,0.4,1.25,0,77,-1
0.2666666666666666,1.0,0.5,0.0,0.5,0.4,1.25,0,232,-1
0.2666666666666666,1.0,0.5,0.0,0.5,0.4,1.25,0,46,-1
0.2666666666666666,1.0,0.5,0.0,0.5,0.4,1.25,0,174,-1
0.2666666666666666,1.0,0.5,0.0,0.5,0.4,1.25,70,0,0.6333333333333333
0.2666666666666666,1.0,0.5,0.0,0.5,0.4,1.25,33,0,0.6333333333333333
0.2666666666666666,1.0,0.5,0.0,0.5,0.4,1.25,48,0,0.6333333333333333
0.2666666666666666,1.0,0.5,0.0,0.5,0.4,1.25,0,24,-1
0.2666666666666666,1.0,0.5,0.0,0.5,0.4,1.25,117,0,0.6333333333333333
0.2666666666666666,1.0,0.5,0.0,0.5,0.4,1.25,0,46,-1
0.2666666666666666,1.0,0.5,0.0,0.5,0.4,1.25,127,0,0.6333333333333333
0.2666666666666666,1.0,0.5,0.0,0.5,0.4,1.25,0,29,-1
0.2666666666666666,1.0,0.5,0.0,0.5,0.4,1.25,0,37,-1
0.2666666666666666,1.0,0.5,0.0,0.5,0.4,1.25,0,89,-1
0.2666666666666666,1.0,0.5,0.0,0.5,0.4,1.25,0,38,-1
0.2666666666666666,1.0,0.5,0.0,0.5,0.4,1.25,0,35,-1
0.2666666666666666,1.0,0.5,0.0,0.5,0.4,1.25,2,0,0.6333333333333333
0.2666666666666666,1.0,0.5,0.0,0.5,0.4,1.25,201,0,0.6333333333333333
0.2666666666666666,1.0,0.5,0.0,0.5,0.4,1.25,0,101,-1
0.2666666666666666,1.0,0.5,0.0,0.5,0.4,1.25,0,210,-1
0.2666666666666666,1.0,0.5,0.0,0.5,0.4,1.25,251,0,0.6333333333333333
0.2666666666666666,1.0,0.5,0.0,0.5,0.4,1.25,170,0,0.6333333333333333
0.2666666666666666,1.0,0.5,0.0,0.5,0.4,1.25,57,0,0.6333333333333333
0.2666666666666666,1.0,0.5,0.0,0.5,0.4,1.25,0,59,-1
0.2666666666666666,1.0,0.5,0.0,0.5,0.4,1.25,0,230,-1
0.2666666666666666,1.0,0.5,0.0,0.5,0.4,1.25,152,0,0.6333333333333333
0.2666666666666666,1.0,0.5,0.0,0.5,0.4,1.25,53,0,0.6333333333333333
0.2666666666666666,1.0,0.5,0.0,0.5,0.4,1.25,79,0,0.6333333333333333
0.2666666666666666,1.0,0.5,0.0,0.5,0.4,1.25,227,0,0.6333333333333333
0.2666666666666666,1.0,0.5,0.0,0.5,0.4,1.25,147,0,0.6333333333333333
0.2666666666666666,1.0,0.5,0.0,0.5,0.4,1.25,0,70,-1
0.2666666666666666,1.0,0.5,0.0,0.5,0.4,1.25,0,132,-1
0.2666666666666666,1.0,0.5,0.0,0.5,0.4,1.25,0,145,-1
0.2666666666666666,1.0,0.5,0.0,0.5,0.4,1.25,0,53,-1
0.2666666666666666,1.0,0.5,0.0,0.5,0.4,1.25,255,0,0.6333333333333333
0.2666666666666666,1.0,0.5,0.0,0.5,0.4,1.25,0,202,-1
0.2666666666666666,1.0,0.5,0.0,0.5,0.4,1.25,171,0,0.6333333333333333
0.2666666666666666,1.0,0.5,0.0,0.5,0.4,1.25,44,0,0.6333333333333333
0.2666666666666666,1.0,0.5,0.0,0.5,0.4,1.25,0,90,-1
0.2666666666666666,1.0,0.5,0.0,0.5,0.4,1.25,100,0,0.6333333333333333
0.2666666666666666,1.0,0.5,0.0,0.5,0.4,1.25,47,0,0.6333333333333333
0.2666666666666666,1.0,0.5,0.0,0.5,0.4,1.25,194,0,0.6333333333333333
0.2666666666666666,1.0,0.5,0.0,0.5,0.4,1.25,0,69,-1
0.2666666666666666,1.0,0.5,0.0,0.5,0.4,1.25,204,0,0.6333333333333333
0.2666666666666666,1.0,0.5,0.0,0.5,0.4,1.25,0,232,-1
0.2666666666666666,1.0,0.5,0.0,0.5,0.4,1.25,52,0,0.6333333333333333
total_reward: -204.12962962963024